company,title,job-type,company-region,category
Contra ,Senior Product Designer ,Contract,Anywhere (100% Remote) Only,Design
Aurora Solar,Senior Product Designer,Full-Time,North America Only,Design
InDebted,Senior Product Designer,Full-Time,Anywhere (100% Remote) Only,Design
Speechify,Senior UI/Systems Designer,Full-Time,North America Only,Design
TaxJar,Senior Product Designer,Full-Time,USA Only,Design
Interaction Design Foundation,Senior Design Educator,Full-Time,Anywhere (100% Remote) Only,Design
Automattic,Senior Product Designer,Full-Time,Anywhere (100% Remote) Only,Design
CartKit,UX/UI Desginer @ CartKit,Full-Time,Anywhere (100% Remote) Only,Design
ShakaCode,Senior Product Designer,Full-Time,Anywhere (100% Remote) Only,Design
Power Home Remodeling,User Experience Engineer,Full-Time,USA Only,Design
Power Home Remodeling,Senior User Experience Designer,Full-Time,USA Only,Design
Current Mobile,"Technical Product Manager, Platform",Full-Time,Anywhere (100% Remote) Only,Design
Toggl,Design Lead,Full-Time,Anywhere (100% Remote) Only,Design
Aleph Beta,UX/UI Specialist,Full-Time,Anywhere (100% Remote) Only,Design
Angela Shae,‚≠ê Photo Curator ‚≠ê,Full-Time,Anywhere (100% Remote) Only,Design
Contra ,Marketing Ambassador (Freelance/Independent),Contract,Anywhere (100% Remote) Only,Design
Contra ,Design Ambassador (Freelance/Independent),Contract,Anywhere (100% Remote) Only,Design
Superside,Senior Product Designer (Europe timezone),Full-Time,Anywhere (100% Remote) Only,Design
Xcelirate,(Freelance) UI/UX Product Designer - Remote,Contract,Americas Only,Design
TaxJar,Creative Designer,Full-Time,USA Only,Design
SocialChorus,Senior Product Designer,Full-Time,Anywhere (100% Remote) Only,Design
Web4Realty,UI Designer,Full-Time,Anywhere (100% Remote) Only,Design
EasyPractice,üëæ Frontend-developer with knowledge of VueJS and Laravel,Full-Time,Europe Only,Design
Springboard,Technical Program Manager - UI/UX Design,Full-Time,Anywhere (100% Remote) Only,Design
Current Mobile,Senior UX Designer (Remote),Full-Time,Anywhere (100% Remote) Only,Design
Wrike,Senior Product Designer - (Remote EU),Contract,Europe Only,Design
Semaphore,Senior Product Designer,Full-Time,Europe Only,Design
Mensio Mental Health,Software Product Manager,Full-Time,Anywhere (100% Remote) Only,Design
Modloft,Senior Graphic Designer,Full-Time,USA Only,Design
Wrike,Product Design Lead,Contract,Europe Only,Design
45/RPM ,UX Designer - MX ,Full-Time,Americas Only,Design
Uscreen,Full-Stack WordPress Developer,Full-Time,Anywhere (100% Remote) Only,Design
Buffer,Product Designer,Full-Time,Anywhere (100% Remote) Only,Design
Anedot,Content Marketer,Full-Time,Anywhere (100% Remote) Only,Design
Upkey,Senior UI UX Designer and Product Manager,Full-Time,Anywhere (100% Remote) Only,Design
Evergreen Supply ,Digital Content Manager / Producer ,Full-Time,Anywhere (100% Remote) Only,Design
komoot,Brand Designer and Adventure Lover,Full-Time,Europe Only,Design
Corpay One,UX / UI designer,Full-Time,Europe Only,Design
Abstract,Webflow Designer,Full-Time,USA Only,Design
"Navis, LLC",Senior Staff Ruby on Rails Engineer,Full-Time,USA Only,Design
Razeware LLC,Motion Designer & Video Editor,Full-Time,Anywhere (100% Remote) Only,Design
Ecologi,Senior Product Designer ,Full-Time,Europe Only,Design
Tastemakers Africa,Product Designer,Full-Time,Anywhere (100% Remote) Only,Design
Cleverclip GmbH,UX/UI Designer,Full-Time,Anywhere (100% Remote) Only,Design
Bitfinex,Product Designer (Remote),Full-Time,Anywhere (100% Remote) Only,Design
Grafik Marketing Communications,Freelance UX Designer,Full-Time,USA Only,Design
"Power Auctions, LLC",Senior Product Designer,Full-Time,USA Only,Design
Modus Create,UX Researcher,Contract,Anywhere (100% Remote) Only,Design
Bevy,Senior UI Designer,Full-Time,Americas Only,Design
Maharishi Foundation International,User Interface (UI) Designer,Full-Time,Anywhere (100% Remote) Only,Design
Biteable,Senior Product Designer,Full-Time,Anywhere (100% Remote) Only,Design
Axonista,UI/UX Designer,Full-Time,Europe Only,Design
Selfkey,Product Designer,Full-Time,Anywhere (100% Remote) Only,Design
Web4Realty,Creative Website Designer,Full-Time,Anywhere (100% Remote) Only,Design
Skin Care Specialists,"Video Editor, Photoshop Design, Creative Specialist",Contract,Anywhere (100% Remote) Only,Design
Doximity,"Senior Software Engineer, iOS",Full-Time,USA Only,Design
Current Mobile,"Graphic Designer, Marketing + Growth",Full-Time,Anywhere (100% Remote) Only,Design
Filestage,Business Development Specialist North America,Full-Time,Americas Only,Design
Springboard,"Project Evaluator, UI/UX Design",Contract,Anywhere (100% Remote) Only,Design
Orrbitt Creative Group,Designer and Social Media Coordinator,Full-Time,Anywhere (100% Remote) Only,Design
Status.im,Senior Product Designer,Full-Time,Anywhere (100% Remote) Only,Design
Nivoda Limited,Senior UI/UX Designer,Full-Time,Anywhere (100% Remote) Only,Design
Fleetio,Product Designer,Full-Time,USA Only,Design
Tribe Dynamics,Senior Product Designer,Full-Time,USA Only,Design
Hillrom,Sr. UX Designer ,Full-Time,Americas Only,Design
AgentFire,Senior WordPress Website Designer,Full-Time,Anywhere (100% Remote) Only,Design
Angle Health,Product Designer,Full-Time,USA Only,Design
Springboard,UI/UX Design Course Mentor,Contract,Anywhere (100% Remote) Only,Design
We Make Websites,Front-end Web Developer,Full-Time,USA Only,Design
Shogun,Marketing Designer,Full-Time,North America Only,Design
LifeWeb 360,User Experience / Product Designer,Full-Time,North America Only,Design
Forem,Product Designer,Full-Time,Anywhere (100% Remote) Only,Design
Center of Complex Interventions,Senior Product Designer,Full-Time,Anywhere (100% Remote) Only,Design
Fleetio,Mobile UI/UX Designer,Full-Time,USA Only,Design
CareScribe,Senior UX/UI Designer with Desktop Experience,Contract,Europe Only,Design
Revolt,Senior Web Designer,Full-Time,Anywhere (100% Remote) Only,Design
We Make Websites,UX / UI Designer - Toronto,Full-Time,Canada Only,Design
Solar Lead Factory,Designer Needed for Rapidly Growing Solar Startup,Full-Time,,Design
Deskpass,Full-Time Marketing Manager,Full-Time,Anywhere (100% Remote) Only,Design
Automattic,API Software Engineer (Mobile),Full-Time,Anywhere (100% Remote) Only,Programming
Automattic,Mobile Growth Engineer,Full-Time,Anywhere (100% Remote) Only,Programming
Alt & Dot,Front End Developer (Shopify),Contract,Anywhere (100% Remote) Only,Programming
Follow Up Boss,Senior Android Developer,Full-Time,USA Only,Programming
11Sigma,Principal Engineer (TypeScript/Node),Full-Time,Anywhere (100% Remote) Only,Programming
Form Publisher,Software Engineer - Remote (EU),Full-Time,Anywhere (100% Remote) Only,Programming
Toptal,"Blockchain Developer ‚Äì Remote, Full-time",Contract,Anywhere (100% Remote) Only,Programming
Hello World,"Senior Software Engineer (U.S. based only, 100% Remote)",Full-Time,USA Only,Programming
Zelt,"Full Stack Engineer - NodeJS, React",Full-Time,Anywhere (100% Remote) Only,Programming
Input Logic,Front-end Developer (React/Javascript),Full-Time,Canada Only,Programming
DEON,Developer Senior .NET C# Xamarin,Full-Time,Europe Only,Programming
Pressable,"Software Engineer, Pressable",Full-Time,Anywhere (100% Remote) Only,Programming
Toptal,"Ruby on Rails Developer ‚Äì Remote, Full-time",Contract,Anywhere (100% Remote) Only,Programming
Inventory Planner,Senior Full-Stack Engineer,Contract,Anywhere (100% Remote) Only,Programming
Biteable,Audio/Video Software Engineer,Full-Time,Anywhere (100% Remote) Only,Programming
Biteable,Software Engineering Manager,Full-Time,Anywhere (100% Remote) Only,Programming
Biteable,Full-Stack Software Engineer,Full-Time,Anywhere (100% Remote) Only,Programming
G2i Inc.,Remote Contract React Developer,Contract,Anywhere (100% Remote) Only,Programming
HubTran,Senior Software Engineer - Ruby/Elm/React,Full-Time,USA Only,Programming
Kinzoo Technologies Inc.,"Backend Developer [Lead, Sr.]",Full-Time,Anywhere (100% Remote) Only,Programming
BRYTER,Senior Frontend Engineer,Full-Time,Europe Only,Programming
"Infinity Software Development, Inc.",Sr. Software Engineer across a wide array of tech stacks,Full-Time,USA Only,Programming
Filestage,JS Full Stack Engineer (Integrations),Full-Time,Anywhere (100% Remote) Only,Programming
Metrika Inc.,Senior Frontend Engineer (React/TypeScript),Full-Time,,Programming
The Vaan Group,"Backend Engineer for E-Commerce Agency [Laravel, PHP] ",Full-Time,Anywhere (100% Remote) Only,Programming
Capdesk,Web Developer,Full-Time,Anywhere (100% Remote) Only,Programming
Filestage,JS Full Stack Engineer,Full-Time,Anywhere (100% Remote) Only,Programming
Stacker,"Full Stack Engineer (Remote, Europe)",Full-Time,Anywhere (100% Remote) Only,Programming
"Defiant, Inc.",Senior PHP Developer,Full-Time,North America Only,Programming
Institute for Corporate Productivity (i4cp),Software developer,Full-Time,USA Only,Programming
SimpleMDM,Senior Software Engineer ‚Äì Ruby on Rails,Full-Time,North America Only,Programming
Wealthbox,Senior Full-Stack Ruby on Rails Engineer,Full-Time,USA Only,Programming
The Agile Monkeys,Senior Software Engineer,Full-Time,USA Only,Programming
Raketech Group Ltd. ,CIO - Chief Information Officer,Full-Time,Anywhere (100% Remote) Only,Programming
Cogsy,Senior Full Stack Engineer,Full-Time,Anywhere (100% Remote) Only,Programming
Float,Senior Application Engineer (PHP),Full-Time,Anywhere (100% Remote) Only,Programming
Float,Director of Engineering,Full-Time,Anywhere (100% Remote) Only,Programming
Tanooki Labs,Experienced Full-Stack Rails and React Developer,Contract,North America Only,Programming
simplabs,Senior Web Engineering Consultant,Full-Time,Europe Only,Programming
Farmgirl Flowers,Lead / Senior Ruby on Rails Developer,Full-Time,Anywhere (100% Remote) Only,Programming
Automattic,Matrix.org Engineer,Full-Time,Anywhere (100% Remote) Only,Programming
marketcap.guide,Full Stack Engineer (Visual Data Focused),Full-Time,Anywhere (100% Remote) Only,Programming
CartHook,Senior Frontend React Engineer,Full-Time,Anywhere (100% Remote) Only,Programming
Rally,Senior Backend Laravel Engineer,Full-Time,Europe Only,Programming
Sharecare / MindSciences,Full Stack JS Engineer,Full-Time,Anywhere (100% Remote) Only,Programming
"Nulab, Inc",Senior Frontend Developer,Full-Time,Europe Only,Programming
Printavo,Sr Software Engineer (Ruby on Rails),Full-Time,USA Only,Programming
Capdesk,Senior Fullstack Engineer,Full-Time,Anywhere (100% Remote) Only,Programming
Delicious Brains Inc,Senior WordPress Plugin Developer,Full-Time,Anywhere (100% Remote) Only,Programming
Supercam,Senior Full Stack Developer (f/m/d),Full-Time,Europe Only,Programming
Bitovi,"Backend Developer and Consultant (FT, Remote)",Full-Time,North America Only,Programming
LocusLabs,iOS Senior Software Engineer,Full-Time,Anywhere (100% Remote) Only,Programming
OnTheGoSystems,PHP Senior Developer,Full-Time,Europe Only,Programming
LedgerComm Ltd,Front End Developer ,Full-Time,Anywhere (100% Remote) Only,Programming
Remote,Senior Frontend Engineer,Full-Time,Anywhere (100% Remote) Only,Programming
Fitabase,Mid-Senior Level Full Stack .NET Cloud Developer ASP.NET / C#,Full-Time,USA Only,Programming
Chili Piper,Front End Engineer - React,Full-Time,Anywhere (100% Remote) Only,Programming
Muck Rack,Software Engineer (Front-End),Full-Time,North America Only,Programming
Muck Rack ,Software Engineer (Back-End),Full-Time,North America Only,Programming
Iterative,Senior Frontend Engineer,Full-Time,Anywhere (100% Remote) Only,Programming
Sparkle CMS,Ruby on Rails Developer,Contract,North America Only,Programming
Healthify,Senior Software Engineer - help us change healthcare!,Full-Time,USA Only,Programming
Chiffer,Senior/Principal Software Engineer,Contract,Anywhere (100% Remote) Only,Programming
Theorem,Sr Data Engineer @ Apple,Full-Time,USA Only,Programming
Tink,Senior Software Engineer - Perimeter Infrastructure,Full-Time,Europe Only,Programming
Contra ,Node.js Engineer with DevOps experience,Full-Time,Anywhere (100% Remote) Only,Programming
Iterative,"Senior Software Engineer - Open Source, Dev Tools",Full-Time,Anywhere (100% Remote) Only,Programming
Skedda,Full Stack Developer (Front-End focus),Full-Time,Anywhere (100% Remote) Only,Programming
CartKit,Node JS Engineer ,Full-Time,Anywhere (100% Remote) Only,Programming
mtc.,Technical Magento Developer,Full-Time,Anywhere (100% Remote) Only,Programming
DataKitchen,Senior Python Engineer,Full-Time,Anywhere (100% Remote) Only,Programming
DataKitchen,Senior UI Engineer,Full-Time,Anywhere (100% Remote) Only,Programming
Half Helix,Technical Lead,Full-Time,Anywhere (100% Remote) Only,Programming
"Theorem, LLC",Experienced Full Stack Engineer - Remote,Full-Time,Anywhere (100% Remote) Only,Programming
Standard Notes,Senior/Staff Frontend Engineer,Full-Time,Anywhere (100% Remote) Only,Programming
Pexels,React Developer,Full-Time,Anywhere (100% Remote) Only,Programming
Automattic,Senior Analytics Engineer,Full-Time,Anywhere (100% Remote) Only,Programming
Automattic,Senior Business Intelligence Engineer,Full-Time,Anywhere (100% Remote) Only,Programming
Toptal,eCommerce Developer ‚Äì Full-time,Contract,Anywhere (100% Remote) Only,Programming
Contra ,Engineer Ambassador (Freelance/Independent),Contract,Anywhere (100% Remote) Only,Programming
OpenCraft,"Open Source Developer & DevOps (Python, Django, React, AWS/OpenStack)",Full-Time,Anywhere (100% Remote) Only,Programming
Meteor Software,Software Developer,Full-Time,Anywhere (100% Remote) Only,Programming
G2i Inc.,Remote Contract React Native Engineer,Contract,Anywhere (100% Remote) Only,Programming
Nearsure,Ssr Java/Scala Developer,Full-Time,Anywhere (100% Remote) Only,Programming
Differential,Senior Software Developer,Full-Time,USA Only,Programming
Chili Piper,Back End Engineer - Scala,Full-Time,Anywhere (100% Remote) Only,Programming
Silverfin,Senior Javascript Developer,Full-Time,Anywhere (100% Remote) Only,Programming
Data Revenue,Machine Learning Engineer (Python),Full-Time,Anywhere (100% Remote) Only,Programming
Visible,Full Stack Ruby Engineer,Full-Time,Anywhere (100% Remote) Only,Programming
Hillrom,Full-Stack Javascript Engineer,Full-Time,USA Only,Programming
Hillrom,Senior Full-Stack JavaScript Engineer,Full-Time,USA Only,Programming
G2i Inc.,"Senior React, React Native, or Node Engineer",Contract,Anywhere (100% Remote) Only,Programming
Opolis,Senior Python Developer,Full-Time,USA Only,Programming
Narrative IO,Scala/AWS/Spark Backend Engineer,Full-Time,North America Only,Programming
Think Company,Senior UX Engineer,Full-Time,USA Only,Programming
Coterie Insurance,Software Development Engineer in Test,Full-Time,USA Only,Programming
Patio,Senior Web Engineer (React),Full-Time,North America Only,Programming
Superside,Senior Backend Engineer (Spring/Kotlin),Full-Time,Anywhere (100% Remote) Only,Programming
Hop Labs,Software Development Engineer (ML),Contract,USA Only,Programming
Files.com,Senior Backend Engineer,Full-Time,USA Only,Programming
Reify Health,Senior Data Analytics Engineer - Data Science & Analytics (Boston/Remote),Full-Time,Anywhere (100% Remote) Only,Programming
Fleetio,"Senior Software Engineer, Product",Full-Time,USA Only,Programming
ODDS.com,Lead Full Stack Developer - Python & React - Remote,Full-Time,Anywhere (100% Remote) Only,Programming
LitCharts,Senior Full Stack Developer,Full-Time,Anywhere (100% Remote) Only,Programming
Silverfin,Team Lead Ruby Development,Full-Time,Anywhere (100% Remote) Only,Programming
Interstellar Support,Website Developer,Full-Time,Anywhere (100% Remote) Only,Programming
Fleetio,Senior Site Reliability Engineer,Full-Time,USA Only,Programming
Fleetio,Senior React Engineer,Full-Time,USA Only,Programming
RebelMouse,Front-end Software Engineer,Full-Time,Anywhere (100% Remote) Only,Programming
Localize,Full Stack Engineer,Full-Time,North America Only,Programming
Spins Software,Lead Ruby on Rails Developer (1+ year freelance contract),Contract,Anywhere (100% Remote) Only,Programming
RebelMouse,Technical Solution Architect,Full-Time,Anywhere (100% Remote) Only,Programming
Customer.io,Front-End Engineer,Full-Time,Anywhere (100% Remote) Only,Programming
Instructure,Software Engineering Team Lead (Canvas),Full-Time,USA Only,Programming
Showcase IDX,Full Stack Ruby on Rails Engineer,Full-Time,USA Only,Programming
Spreedly,"Software Engineer, Mid-Level",Full-Time,USA Only,Programming
"Duet, Inc.",Senior Software Engineer,Full-Time,Anywhere (100% Remote) Only,Programming
AmpiFire,Web Developer (Early Career),Full-Time,Anywhere (100% Remote) Only,Programming
Aha!,Sr. Ruby on Rails Engineer (React.js),Full-Time,North America Only,Programming
Shelterluv,Senior Laravel Engineer,Full-Time,USA Only,Programming
TaxJar,QA Engineer,Full-Time,USA Only,Programming
XWP,Director of Engineering,Full-Time,Americas Only,Programming
Follow Up Boss,Senior Full Stack Engineer,Full-Time,USA Only,Programming
Brightline Health,Senior Full Stack (Rails/React) Engineer,Full-Time,USA Only,Programming
SeaWorld,Lead Backend Engineer,Full-Time,USA Only,Programming
Awesome Motive Inc.,Senior WordPress Developer,Full-Time,Anywhere (100% Remote) Only,Programming
ConvertFlow,Front-End Developer,Full-Time,Anywhere (100% Remote) Only,Programming
Producement,Java & React Developer,Full-Time,Anywhere (100% Remote) Only,Programming
Bottomless,Full Stack Engineer,Full-Time,Anywhere (100% Remote) Only,Programming
TaxJar,Software Engineer (Ruby on Rails / JavaScript),Full-Time,USA Only,Programming
TaxJar,DevOps Engineer,Full-Time,USA Only,Programming
Awesome Motive Inc.,WordPress Developer (PHP/JS),Full-Time,Anywhere (100% Remote) Only,Programming
Old St Labs,"Backend Engineer - Remote(UK & Europe only) Python, Kubernettes, Postgresql",Full-Time,Anywhere (100% Remote) Only,Programming
Kubos Corporation,"Senior Software Developer, Container Pipeline Integration",Full-Time,USA Only,Programming
Jobandtalent,Jobandalent is looking for Ruby on Rails Engineer,Full-Time,Europe Only,Programming
RevenueCat,Developer Advocate,Full-Time,Anywhere (100% Remote) Only,Programming
TestDome,Senior ASP.NET Core Developer,Full-Time,Anywhere (100% Remote) Only,Programming
Toggl,Engineering Manager/Team Lead,Full-Time,Anywhere (100% Remote) Only,Programming
Audyo,iOS Engineer,Full-Time,Anywhere (100% Remote) Only,Programming
Credit Key,Full Stack Developer,Full-Time,USA Only,Programming
Aula,Senior Software Developer,Full-Time,Anywhere (100% Remote) Only,Programming
Toptal,"Technical Project Manager ‚Äì Remote, Full-time",Contract,Anywhere (100% Remote) Only,Programming
Geektastic,Code Challenge Reviewer - Review Code In Your Spare Time - ¬£50 Per Hour,Contract,Anywhere (100% Remote) Only,Programming
BitEdge,Full Stack WordPress Developer,Full-Time,,Programming
Network Ninja,PHP Software Developer,Full-Time,Anywhere (100% Remote) Only,Programming
G2i Inc.,Remote Contract Node Developer,Contract,Anywhere (100% Remote) Only,Programming
Andela,Ruby Software Engineer,Full-Time,Anywhere (100% Remote) Only,Programming
Toggl,PostgreSQL DBA for Toggl Track,Full-Time,Anywhere (100% Remote) Only,Programming
Aha!,Lead Ruby on Rails Engineer (React.js),Full-Time,North America Only,Programming
Aha!,Sr. Ruby on Rails Engineer (React.js),Full-Time,North America Only,Programming
Aha!,Sr. Security Engineer (program experience required),Full-Time,North America Only,Programming
Oasis Digital Solutions Inc.,"Angular/Node/fullstack developer, remote, 55+/hour",Full-Time,USA Only,Programming
Files.com,Frontend Engineer (ES8/React/Redux/Saga) ,Full-Time,USA Only,Programming
Toptal,"React Developer ‚Äì Full-time, Remote",Contract,Anywhere (100% Remote) Only,Programming
Bitovi ,Senior JavaScript Developer and Consultant (100% remote),Full-Time,North America Only,Programming
Toggl,Remote Backend Developer (Golang),Full-Time,Europe Only,Programming
CVEDIA,Senior Python and Machine Learning Engineer - Remote - EU Time Zone,Full-Time,Europe Only,Programming
TaxJar,Support Engineer - NetSuite Specialist,Full-Time,USA Only,Programming
TravelJoy,Engineer #4,Full-Time,USA Only,Programming
Bitovi,Angular Developer and Consultant (100% Remote),Full-Time,North America Only,Programming
Reify Health,Software Engineer,Full-Time,North America Only,Programming
Contra ,Senior Frontend Engineer: React ,Contract,Anywhere (100% Remote) Only,Programming
Foxbox Digital,Software Engineer React/React Native,Full-Time,Americas Only,Programming
GitHub ,CodeQL Analysis Engineer,Full-Time,Anywhere (100% Remote) Only,Programming
Acelerate,"Senior Engineer, New Business Verticals",Full-Time,USA Only,Programming
Beyond Pricing,Senior Front-End Engineer,Full-Time,EMEA Only,Programming
"Skapa Tech, LLC",React (Web & Native) Developer,Contract,USA Only,Programming
Center of Complex Interventions,Founding Frontend Engineer,Full-Time,Anywhere (100% Remote) Only,Programming
Nearsure,Senior React Developer (Latin America Only),Full-Time,Anywhere (100% Remote) Only,Programming
SessionLab,Senior Full-Stack (Rails) Engineer - Europe and Americas,Full-Time,Anywhere (100% Remote) Only,Programming
ChartMogul,Senior Backend Engineer - Remote (EU),Full-Time,Europe Only,Programming
Teamflow,Senior Backend Engineer,Full-Time,Americas Only,Programming
Teamflow,Senior Full Stack Engineer ,Full-Time,Americas Only,Programming
"Our Hometown, Inc",Junior Full Stack Software Engineer ‚Äì REMOTE ‚Äì Full Time,Full-Time,USA Only,Programming
Showcase IDX,UI Engineer (JavaScript),Full-Time,USA Only,Programming
Trustmary,"Senior/mid Full Stack Developer (React, Node.js, AWS)",Full-Time,Europe Only,Programming
Krit,Senior Fullstack Engineer,Full-Time,USA Only,Programming
Interaction Design Foundation,Senior PHP Developer (Laravel),Full-Time,Anywhere (100% Remote) Only,Programming
Toggl,Backend Software Architect,Full-Time,Anywhere (100% Remote) Only,Programming
RebelMouse,<!-- Web Master üõ† üßêüî• -->,Full-Time,Anywhere (100% Remote) Only,Programming
Storetasker,Senior Shopify Developer (Remote + Flexible),Contract,Anywhere (100% Remote) Only,Programming
Yoko Co,WordPress Hosting & Support Developer,Full-Time,Anywhere (100% Remote) Only,Programming
Dwell,Senior Frontend Engineer,Full-Time,USA Only,Programming
Mango Voice,Javascript / React Engineer,Full-Time,North America Only,Programming
Input Logic,Android Developer,Full-Time,Canada Only,Programming
Input Logic,iOS Developer,Full-Time,Canada Only,Programming
MiniCorp,Product Engineer,Full-Time,Anywhere (100% Remote) Only,Programming
RebelMouse,Junior/Middle QA Manual Engineer,Full-Time,Anywhere (100% Remote) Only,Programming
Bridebook,Full-stack Developer (EUROPE ONLY),Full-Time,Europe Only,Programming
SmartrMail,Senior Backend Developer - Ruby on Rails,Full-Time,Anywhere (100% Remote) Only,Programming
Digital Butter ,Full Stack Web Developer / Engineer (LAMP Stack),Full-Time,Anywhere (100% Remote) Only,Programming
Sanctuary Computer,A Very Good Ruby on Rails Developer,Full-Time,Anywhere (100% Remote) Only,Programming
FingerprintJS,Senior JavaScript Developer (Fullstack),Full-Time,Anywhere (100% Remote) Only,Programming
Current Mobile,Senior Backend Engineer,Full-Time,Anywhere (100% Remote) Only,Programming
Current Mobile,Senior Android Engineer,Full-Time,Anywhere (100% Remote) Only,Programming
Current Mobile,Engineering Manager,Full-Time,Anywhere (100% Remote) Only,Programming
Labelbox,"Sr. Software Engineer, Fullstack @ Machine Learning Startup",Full-Time,North America Only,Programming
Maticon,SDET / QA Automation Engineer,Contract,USA Only,Programming
"Theorem, LLC",Engineering Manager - Remote,Full-Time,Anywhere (100% Remote) Only,Programming
Yet Another Mail Merge,Senior Software Engineer - Remote (EU),Full-Time,Europe Only,Programming
Withthegrid,Devops and DB engineer (100% remote - Europe),Full-Time,Europe Only,Programming
CartKit,Full Stack Engineer @ CartKit,Full-Time,Anywhere (100% Remote) Only,Programming
Fluorescent Design Inc,Frontend Developer,Full-Time,Canada Only,Programming
Chili Piper,QA Engineer,Full-Time,Anywhere (100% Remote) Only,Programming
Shrine Development,Senior Software Engineer,Contract,North America Only,Programming
GitHub ,"Senior Software Engineer, Marketing",Full-Time,USA Only,Programming
Form Publisher,Senior Full Stack Developer - Remote (EU),Full-Time,Europe Only,Programming
Dentally,"Senior Software Engineer, Full Stack (Ruby)",Full-Time,Europe Only,Programming
Soar,Fullstack WordPress Team Lead,Full-Time,Anywhere (100% Remote) Only,Programming
GLIDE,Senior WordPress Technical Lead,Full-Time,North America Only,Programming
Axios,Senior Mobile Engineer (React Native),Full-Time,USA Only,Programming
Remote,Senior Backend Engineer - Elixir,Full-Time,Anywhere (100% Remote) Only,Programming
Virtuoso,Front-end Software Engineer (Must be based in Europe),Full-Time,Anywhere (100% Remote) Only,Programming
Instructure,Director of Engineering,Full-Time,USA Only,Programming
TrendSpider LLC,Backend Javascript Engineer,Full-Time,Anywhere (100% Remote) Only,Programming
Pingboard,Support Engineer ,Full-Time,USA Only,Programming
Feature Upvote,Freelance Java/MySQL Coder (Part-time),Contract,Anywhere (100% Remote) Only,Programming
Ayoconnect,Software Engineer (Golang),Full-Time,Anywhere (100% Remote) Only,Programming
Optimile,Back End Developer E-Mobility (remote - EU),Full-Time,Europe Only,Programming
ZenLedger,Sr. Software Engineer,Full-Time,USA Only,Programming
Locate2u,Senior Front End Developer,Full-Time,Anywhere (100% Remote) Only,Programming
AlphaSights ,Senior Front End Engineer ,Full-Time,Americas Only,Programming
AlphaSights ,Senior Back End Engineer,Full-Time,Americas Only,Programming
Tesorio,Backend Engineer (ERP Integrations) - LatAm,Full-Time,Americas Only,Programming
Aurora Solar,"Senior Software Engineer, Backend (Remote)",Full-Time,North America Only,Programming
Aurora Solar,"Software Engineer, Frontend (Remote)",Full-Time,North America Only,Programming
Expensify inc.,Full Stack Engineer,Full-Time,Anywhere (100% Remote) Only,Programming
Ebury,Software Development Team Lead,Contract,Europe Only,Programming
Nearsure,Python Lead Engineer,Full-Time,Americas Only,Programming
Sleeknote,UX Developer (Frontend/Design),Full-Time,Anywhere (100% Remote) Only,Programming
BigBinary,React Native Engineer - India - 100% Remote,Full-Time,,Programming
Keyhole,Senior React/NodeJS Developer for an awesome SaaS startup,Contract,North America Only,Programming
Bellroy,Senior Front End Developer,Full-Time,Anywhere (100% Remote) Only,Programming
Bevy,Software Engineer (Event & Experience Management),Full-Time,Anywhere (100% Remote) Only,Programming
Motoinsight,Full Stack Developer (Python & Vue.js),Full-Time,North America Only,Programming
Hawk-Research,Software Engineering and Programming languages Specialist,Contract,Anywhere (100% Remote) Only,Programming
Forestry.io,Developer Advocate,Full-Time,,Programming
"WeaveUp, Inc.",Full-stack Developer,Full-Time,USA Only,Programming
ZenLedger,Full-Stack Software Engineer with Back-End Emphasis,Full-Time,USA Only,Programming
You Need A Budget (YNAB),Humbly Confident Senior Android Developer,Full-Time,Anywhere (100% Remote) Only,Programming
SHIFT,Senior Front-End Engineer (Remote),Full-Time,Americas Only,Programming
X-Team,"Technical Interviewer (Americas, Europe, Africa)",Full-Time,Anywhere (100% Remote) Only,Programming
Nathan James,QA Automation Analyst,Full-Time,Anywhere (100% Remote) Only,Programming
Bonfire,Engineering Manager,Full-Time,Europe Only,Programming
Volders,Backend Engineer (Ruby),Full-Time,Europe Only,Programming
OpenComps LLC,Head Programmer,Full-Time,Anywhere (100% Remote) Only,Programming
Bevy,Senior Software Engineer,Full-Time,Anywhere (100% Remote) Only,Programming
Solar Technology Inc.,Software Developer,Full-Time,USA Only,Programming
Intellum,Senior Software Engineer - Backend Engineering Team,Full-Time,Anywhere (100% Remote) Only,Programming
Nextgen Health Care Interop,Senior AWS Cloud Engineer / DotNet,Full-Time,North America Only,Programming
45/RPM ,Front End Developer - US ,Full-Time,North America Only,Programming
Hasura,Senior Backend (Go) Engineer,Full-Time,Anywhere (100% Remote) Only,Programming
Hasura,Senior Haskell Engineer,Full-Time,Anywhere (100% Remote) Only,Programming
Buffer,Fullstack Product Engineer,Full-Time,Anywhere (100% Remote) Only,Programming
Beachy,Engineering Manager,Full-Time,Anywhere (100% Remote) Only,Programming
Mystery.org,Growth Engineer,Full-Time,Anywhere (100% Remote) Only,Programming
Mystery.org,Senior Data Engineer,Full-Time,Anywhere (100% Remote) Only,Programming
Mystery.org,Software Engineer,Full-Time,USA Only,Programming
BigBinary,React Engineer - India - 100% Remote,Full-Time,Anywhere (100% Remote) Only,Programming
RemoteLock,React Native and Web Senior Engineer,Full-Time,,Programming
MarketFinance,Engineering Manager (Remote - EU Only),Full-Time,Anywhere (100% Remote) Only,Programming
Virbela,Senior SaaS Engineer,Full-Time,Anywhere (100% Remote) Only,Programming
cove,"Senior Software Engineer (React, React Native)",Full-Time,USA Only,Programming
Revolt,Senior Shopify Developer,Full-Time,North America Only,Programming
IO Global,Software Test Engineer - Catalyst,Full-Time,Anywhere (100% Remote) Only,Programming
IO Global,Software Engineer - Javascript,Full-Time,Anywhere (100% Remote) Only,Programming
Perdoo,Backend Engineer (f/m/div),Full-Time,Europe Only,Programming
NA-KD,iOS Developer,Full-Time,Europe Only,Programming
CRISP STUDIO,HTML/CSS/JS Expert,Full-Time,Europe Only,Programming
Hopin,Senior Full Stack Engineer (Ruby & React),Full-Time,Anywhere (100% Remote) Only,Programming
Wikimedia Foundation,Engineering Manager,Full-Time,Anywhere (100% Remote) Only,Programming
The Events Calendar,WordPress Developer - Backend,Full-Time,Anywhere (100% Remote) Only,Programming
Solar Lead Factory,Frontend Developer Needed for Rapidly Growing Solar Company,Full-Time,Anywhere (100% Remote) Only,Programming
Order Desk,Mid-level PHP Developer,Full-Time,EMEA Only,Programming
Attractions.io,"Senior Android Engineer (UK ONLY, 100% REMOTE)",Full-Time,Europe Only,Programming
Corpay One,Senior Frontend Developer (TypeScript / React),Full-Time,Europe Only,Programming
Corpay One,Quality Assurance Engineer,Full-Time,Europe Only,Programming
Corpay One,Senior C# / .NET Developer,Full-Time,Europe Only,Programming
"LDI-MAP, LLC dba IJOIN",Full Stack Developer (Node.js),Full-Time,USA Only,Programming
TalkJS,iOS Developer,Full-Time,EMEA Only,Programming
We Make Websites,Front-end/ Full Stack Developer,Full-Time,,Programming
Opal,Founding Engineer,Full-Time,USA Only,Programming
Amie,Product Engineer (Web),Full-Time,EMEA Only,Programming
X-Team,Video Backend Developer,Full-Time,Anywhere (100% Remote) Only,Programming
X-Team,Android (Kotlin) Mobile Developer,Full-Time,Europe Only,Programming
Drops,"Senior Full Stack (Typescript, React/React Native) Developer",Full-Time,Anywhere (100% Remote) Only,Programming
Drops,"Senior Frontend (Typescript, React/React Native) developer",Full-Time,Anywhere (100% Remote) Only,Programming
"PigKnows, LLC",Full Stack Developer (Generalist) $100-120k,Full-Time,Anywhere (100% Remote) Only,Programming
Beema,Ruby on Rails developer,Full-Time,Anywhere (100% Remote) Only,Programming
krow.ai,Front-End Software Engineer,Full-Time,North America Only,Programming
krow.ai,Jr. Software Engineer ‚Äî Ruby on Rails Developer,Full-Time,North America Only,Programming
krow.ai,Senior Software Engineer ‚Äî Ruby on Rails Developer,Full-Time,North America Only,Programming
new direction GmbH,"Senior Software Developer ASP.NET Core and JavaScript (EntityFramework, WebAPI, react)",Full-Time,Anywhere (100% Remote) Only,Programming
Assetnote,Engineer (Backend & API),Full-Time,Anywhere (100% Remote) Only,Programming
X-Team,Senior Video Engineer,Full-Time,Americas Only,Programming
Doximity,Site Reliability Engineer,Full-Time,North America Only,Programming
Bevy,Software Engineer (Enterprise Onboarding),Full-Time,Americas Only,Programming
Bevy,Software Engineer (Security & Data Privacy),Full-Time,Americas Only,Programming
Bevy,Senior Software Engineer (Content & Presentation),Full-Time,Americas Only,Programming
Bevy,Software Engineer (Billing & Payments),Full-Time,Americas Only,Programming
Bevy,Senior Back-End Developer,Full-Time,Anywhere (100% Remote) Only,Programming
LocusLabs,JavaScript Software Engineer (U.S. remote),Full-Time,,Programming
Creditspring,Full Stack Ruby/Rails Software Engineer,Full-Time,EMEA Only,Programming
Elevate Labs,Senior Backend Ruby Engineer (Remote),Full-Time,Americas Only,Programming
Ordergroove,Senior Software Engineer,Full-Time,USA Only,Programming
Doximity,"Senior Data Engineer, Manager",Full-Time,USA Only,Programming
Grafik Marketing Communications,Full Stack WordPress Developer,Full-Time,USA Only,Programming
Doximity,"Software Engineer, Full Stack ",Full-Time,USA Only,Programming
"Power Auctions, LLC",EmberJS programmer,Full-Time,USA Only,Programming
You Need A Budget (YNAB),Humbly Confident Senior iOS Developer,Full-Time,Anywhere (100% Remote) Only,Programming
TeamSnap,Senior Software Engineer - Full Stack,Full-Time,Anywhere (100% Remote) Only,Programming
VITAMIN WING LIMITED,Full Stack Developer,Full-Time,Anywhere (100% Remote) Only,Programming
Eden Creative,Senior Web Developer,Full-Time,USA Only,Programming
Likvido,Engineering Manager for ambitious Fintech Scaleup,Full-Time,Anywhere (100% Remote) Only,Programming
Percona,Node.js Backend Engineer,Full-Time,EMEA Only,Programming
Koffie Labs,Data + Software Engineer (2-5 yrs exp),Full-Time,Anywhere (100% Remote) Only,Programming
ReCharge Payments,Software Development Engineer,Full-Time,Anywhere (100% Remote) Only,Programming
Barrel,Full-stack WordPress developer,Contract,Anywhere (100% Remote) Only,Programming
Clipboard Health,Director of Engineering,Full-Time,Anywhere (100% Remote) Only,Programming
ReCharge Payments,"Software Development Engineer, Backend",Full-Time,USA Only,Programming
ReCharge Payments,"Principal Software Development Engineer, Platform Backend",Full-Time,USA Only,Programming
"Theorem, LLC",Product Manager - London Based - Remote,Full-Time,Anywhere (100% Remote) Only,Programming
4D Pipeline,"3D Full-Stack Engineers (Javascript, Webgl, three.js, react/vue/node) (bonus python, UE4, OpenGL, Vulkan, ...)",Full-Time,Anywhere (100% Remote) Only,Programming
Learnlife,Full-Stack Developer (Ruby/Javascript),Full-Time,Europe Only,Programming
Ziggu,Full-Stack Engineer - Ruby on Rails & Vue.js - Remote,Full-Time,Europe Only,Programming
Creative Market,Software Engineering Manager,Full-Time,Canada Only,Programming
FingerprintJS,Developer Evangelist,Full-Time,Anywhere (100% Remote) Only,Programming
ReCharge Payments,Frontend Software Development Engineer,Full-Time,USA Only,Programming
Ella & Co,Full Stack Software Developer,Full-Time,Europe Only,Programming
ReCharge Payments,Staff Software Development Engineer,Full-Time,USA Only,Programming
ReCharge Payments,"Director of Engineering, Features",Full-Time,USA Only,Programming
X-Team,"Front End Developer (React, TypeScript, Contentful)",Full-Time,Anywhere (100% Remote) Only,Programming
X-Team,"Backend Engineer (GoLang, Node, AWS)",Full-Time,Anywhere (100% Remote) Only,Programming
Perdoo,Full Stack Web Engineer (f/m/div),Full-Time,Europe Only,Programming
We Make Websites,Frontend Web Developer (Shopify),Full-Time,Europe Only,Programming
Remo,Product Manager,Full-Time,Anywhere (100% Remote) Only,Programming
Teachers Lead Tech,Senior Back End Developer-Architect,Contract,Anywhere (100% Remote) Only,Programming
Hasura,Senior Frontend Engineer / Architect,Full-Time,Anywhere (100% Remote) Only,Programming
Batch,Front-end and CMS Developer (Gatsby/Craft/Shopify),Full-Time,Anywhere (100% Remote) Only,Programming
AirGarage,Full Stack Engineer,Full-Time,Anywhere (100% Remote) Only,Programming
GoDaddy,Senior Software Engineer,Full-Time,Anywhere (100% Remote) Only,Programming
Hopin,Senior Back End Engineer ,Full-Time,Anywhere (100% Remote) Only,Programming
silverorange,Software Automation Specialist,Full-Time,Canada Only,Programming
ON,Web Developer,Full-Time,Europe Only,Programming
DoneStreet,Senior Software Engineers - Multiple Stacks,Full-Time,Anywhere (100% Remote) Only,Programming
Sizle.io,Mid-Senior Javascript Developer,Full-Time,Anywhere (100% Remote) Only,Programming
Tesorio,Senior Frontend Engineer - LatAm,Full-Time,Americas Only,Programming
CityGrows,Rails developer,Full-Time,North America Only,Programming
"SquadCast Studios, Inc.",Full-Stack Software Engineer,Full-Time,Anywhere (100% Remote) Only,Programming
Doximity,Senior Software Engineer (Ruby/Rails/JS),Full-Time,USA Only,Programming
Doximity,"Software Engineer, Android (Kotlin)",Full-Time,North America Only,Programming
X-Team,Shopify + FE (React or Vue) Developer,Full-Time,Anywhere (100% Remote) Only,Programming
Bucketlist Rewards,Senior Web Developer,Full-Time,Anywhere (100% Remote) Only,Programming
Optimile,(Senior) Python Full Stack Software Developer,Full-Time,Europe Only,Programming
Hasura,Fullstack Web Developer,Full-Time,Asia Only,Programming
AlphaSights ,Tech Lead,Full-Time,,Programming
AlphaSights ,Engineering Manager,Full-Time,,Programming
AlphaSights ,Experienced Front End Software Engineer,Full-Time,,Programming
AlphaSights ,Back End Engineer,Full-Time,,Programming
Half Helix,"Back End Developer (RoR, Node)",Full-Time,North America Only,Programming
Myagi,"Software Engineer - Python, Remote",Full-Time,Anywhere (100% Remote) Only,Programming
Continu,Senior Full-Stack Software Engineer,Full-Time,USA Only,Programming
Parade,Frontend Engineer,Full-Time,Anywhere (100% Remote) Only,Programming
Maharishi Foundation International,Front-End React Native Engineer ,Full-Time,Anywhere (100% Remote) Only,Programming
"Upstack Technologies, Inc.",Senior Python Software Developer - Fully Remote,Full-Time,Anywhere (100% Remote) Only,Programming
Superside,Frontend Engineer (Europe),Full-Time,Anywhere (100% Remote) Only,Programming
komoot,Senior Web Developer (Node/ReactJS),Full-Time,Europe Only,Programming
komoot,Senior Backend Engineer - Maps,Full-Time,Europe Only,Programming
komoot,Senior Backend Engineer - Routing and Navigation,Full-Time,Europe Only,Programming
komoot,Senior Backend Developer,Full-Time,Europe Only,Programming
Few,Senior React Native Developer,Contract,USA Only,Programming
Hometime,Senior Ruby on Rails Engineer (APAC Candidates),Full-Time,Anywhere (100% Remote) Only,Programming
AlphaSights ,Senior Software Engineer ,Full-Time,USA Only,Programming
AlphaSights ,Senior Front End Engineer ,Full-Time,USA Only,Programming
AlphaSights ,Software Engineer ,Full-Time,USA Only,Programming
AlphaSights ,Front End Engineer ,Full-Time,USA Only,Programming
AlphaSights ,Senior Back End Engineer ,Full-Time,USA Only,Programming
"CNC Software, Inc.",Software Engineer (C++/C#),Full-Time,USA Only,Programming
Power Home Remodeling,Mobile Developer-React Native,Full-Time,USA Only,Programming
"Upkoi, Inc",Senior Full Stack .NET Developer,Contract,Anywhere (100% Remote) Only,Programming
Nathan James,Lead Python Engineer,Full-Time,Anywhere (100% Remote) Only,Programming
Automattic,"Search Engineer, Tumblr (Content Discovery)",Full-Time,Anywhere (100% Remote) Only,Programming
Help Scout,Java Engineer,Full-Time,Anywhere (100% Remote) Only,Programming
Zagomail,Full Stack Developer,Full-Time,Anywhere (100% Remote) Only,Programming
Jobsrepublic,Senior Backend Developer,Full-Time,Europe Only,Programming
Kiva Microfunds,Senior Backend Engineer,Full-Time,USA Only,Programming
Kiva Microfunds,Senior Android Engineer,Full-Time,USA Only,Programming
Mammoth Growth,Data Engineering Consultant,Contract,North America Only,Programming
Upkey,Software developer - Angular,Full-Time,Anywhere (100% Remote) Only,Programming
HeySummit,Full-stack Django Engineer,Full-Time,Anywhere (100% Remote) Only,Programming
Elastic,Swiftype - Senior Ruby Engineer ,Full-Time,North America Only,Programming
Decorilla,Senior Web Developer,Full-Time,Anywhere (100% Remote) Only,Programming
Currencycloud,Java Software Engineer,Full-Time,Europe Only,Programming
Whiplash,UX Front-End Developer,Full-Time,USA Only,Programming
Whiplash,Back-End Ruby Developer,Full-Time,USA Only,Programming
Fold,Back End Developer,Full-Time,Anywhere (100% Remote) Only,Programming
Fold,Front End Developer ,Full-Time,Anywhere (100% Remote) Only,Programming
Aurum,Android Developer - Bluetooth and RF,Full-Time,Anywhere (100% Remote) Only,Programming
Cinder Staffing,.Net Core Software Developer,Contract,North America Only,Programming
Catch Co,Software Test Engineer,Full-Time,USA Only,Programming
Legit Fish,Rails Tech Lead,Full-Time,North America Only,Programming
Goodiewebsite,WordPress Freelance Developer,Contract,Europe Only,Programming
Punchbowl,Ruby on Rails Developer,Full-Time,USA Only,Programming
"Vaporware, Inc",Backend Rails Developer,Contract,Anywhere (100% Remote) Only,Programming
Ebury,Senior Python Developer - Remote,Contract,EMEA Only,Programming
Myagi,"Senior Software Engineer - Golang, Remote",Full-Time,Anywhere (100% Remote) Only,Programming
EVERFI,Senior Ruby on Rails Engineer - anywhere in the US!,Full-Time,Anywhere (100% Remote) Only,Programming
Image Relay,Mid-Level Rails Developer,Full-Time,USA Only,Programming
Image Relay,Senior Rails Developer,Full-Time,USA Only,Programming
Power Home Remodeling,Ruby on Rails Developer,Full-Time,USA Only,Programming
GitHub ,"Senior or Software Engineer, Git Client",Full-Time,Anywhere (100% Remote) Only,Programming
Demio,Software Engineer (PHP) - Fully Remote,Full-Time,Anywhere (100% Remote) Only,Programming
Feather,Senior Frontend Engineer,Full-Time,Europe Only,Programming
Pixelcabin,"Mid Level Front-End developer (remote UK/Europe, eCommerce)",Full-Time,Europe Only,Programming
User Interviews,Ruby on Rails / React Software Engineer,Full-Time,USA Only,Programming
Uncanny Owl Inc.,WordPress Developer (JS/UI/UX/PHP),Full-Time,Anywhere (100% Remote) Only,Programming
X-Team,Blockchain Developer,Full-Time,Anywhere (100% Remote) Only,Programming
Primer.ai,Senior Frontend Engineer,Full-Time,Anywhere (100% Remote) Only,Programming
Primer.ai,Senior Backend Engineer,Full-Time,Anywhere (100% Remote) Only,Programming
Mediavine,Senior Front End Engineer (Ad Tech Team),Full-Time,USA Only,Programming
Mediavine,Senior Front-End Engineer (Grow Team),Full-Time,USA Only,Programming
Nathan James,Business Analyst,Full-Time,Anywhere (100% Remote) Only,Programming
Simple Thread,Front of the Front-End Engineer,Full-Time,USA Only,Programming
Multis,Full Stack Engineer (Remote),Full-Time,Europe Only,Programming
Andela,React Node Software Engineer,Full-Time,Anywhere (100% Remote) Only,Programming
Particular Software,Software Engineer,Full-Time,Americas Only,Programming
Perch,WordPress Developer with Front-End Chops (Remote),Full-Time,USA Only,Programming
Causal,Senior Full-stack Engineer,Full-Time,Anywhere (100% Remote) Only,Programming
Springboard,Software Engineering Mentor,Contract,Anywhere (100% Remote) Only,Programming
Axios,Senior Mobile Engineer (React Native),Full-Time,USA Only,Programming
vidIQ,Backend Engineer ,Full-Time,Anywhere (100% Remote) Only,Programming
"Oddball, Inc.",Node.js Engineer,Full-Time,USA Only,Programming
Doximity,iOS Developer,Full-Time,Anywhere (100% Remote) Only,Programming
Cloud 66,Software Engineer,Full-Time,Anywhere (100% Remote) Only,Programming
PlaytestCloud,Software Engineer (Rails & more) - f/m/d,Full-Time,Europe Only,Programming
Reify Health,Senior Data Engineer - Global Kappa Architecture (Boston/Remote),Full-Time,Anywhere (100% Remote) Only,Programming
Reify Health,Senior Data Engineer - Data Products (Boston/Remote),Full-Time,Anywhere (100% Remote) Only,Programming
Payoneer Germany GmbH,Data / Analytics Engineer (m/f/d),Full-Time,,Programming
Swappa,Frontend Django Developer,Full-Time,Anywhere (100% Remote) Only,Programming
Select,Elixir Developer,Full-Time,Anywhere (100% Remote) Only,Programming
Firstbase.io,Senior Software Engineer,Full-Time,Anywhere (100% Remote) Only,Programming
The Humane League,WEB DEVELOPER II,Full-Time,USA Only,Programming
Synergy Sports,Senior C/C++ Engineer - REMOTE,Full-Time,Europe Only,Programming
Wordwall,Senior full-stack .NET developer,Full-Time,Anywhere (100% Remote) Only,Programming
Sticker Mule,Javascript Engineer,Full-Time,Anywhere (100% Remote) Only,Programming
Clio,Senior Software Developer (Canada Remote),Full-Time,Canada Only,Programming
Doximity,Mobile QA Engineer,Full-Time,USA Only,Programming
Elevate Labs,Senior iOS Engineer,Full-Time,Americas Only,Programming
GroupGreeting,Software Engineer,Full-Time,Anywhere (100% Remote) Only,Programming
GroupGreeting,Data Backend Engineer,Full-Time,Anywhere (100% Remote) Only,Programming
Virtually Human Studio,Infrastructure Engineer (Remote),Contract,Anywhere (100% Remote) Only,Programming
BigBinary,Ruby on Rails Engineer - India - 100% Remote,Full-Time,,Programming
DAKCS Software Systems,Software Developer,Full-Time,USA Only,Programming
End Point,Ruby on Rails & Vue.js developer,Full-Time,Anywhere (100% Remote) Only,Programming
NationBuilder,Senior Software Engineer,Full-Time,USA Only,Programming
Shogun,Ruby on Rails Engineer (All Levels),Full-Time,Anywhere (100% Remote) Only,Programming
Shogun,React Engineer (All Levels),Full-Time,Anywhere (100% Remote) Only,Programming
BBE Marketing Inc,Full-Stack Expert Wordpress Developer,Full-Time,Anywhere (100% Remote) Only,Programming
Lofty,Software Engineer,Full-Time,USA Only,Programming
Bit Zesty,Ruby on Rails Developer,Full-Time,Anywhere (100% Remote) Only,Programming
Enzyme,Full Stack Developer - Senior,Full-Time,Anywhere (100% Remote) Only,Programming
Synergy Sports,Senior FullStack (Python React) Engineer,Full-Time,Europe Only,Programming
Bellroy,Senior Web Developer,Full-Time,Anywhere (100% Remote) Only,Programming
Titan School Solutions,Sr. DevOps Engineer,Full-Time,,Programming
Curebase,"Senior Software Engineer, Full Stack ",Full-Time,Anywhere (100% Remote) Only,Programming
Forem,Mobile Software Engineer,Full-Time,Anywhere (100% Remote) Only,Programming
Griot Technology,Senior Mobile Engineer,Contract,Anywhere (100% Remote) Only,Programming
"Trice Imaging, Inc.",Senior Edge Software Engineer,Full-Time,USA Only,Programming
Politech,Remote Front End Engineer,Full-Time,USA Only,Programming
Doximity,Data Engineer,Full-Time,USA Only,Programming
Keona Health,Senior Software Developer,Full-Time,Anywhere (100% Remote) Only,Programming
We Make Websites,Full Stack Node App Developer - UK,Full-Time,Europe Only,Programming
Andela,Elixir Software Engineer,Full-Time,Anywhere (100% Remote) Only,Programming
SlashData Ltd,Software Engineer (Remote - EMEA Based),Contract,Anywhere (100% Remote) Only,Programming
TradeCore,Full Stack Node.JS Engineer,Contract,Europe Only,Programming
Bubbling,Python Full Stack Software Developer (senior) - remote,Full-Time,Anywhere (100% Remote) Only,Programming
PlusPlusMinus,Backend Developer for long term projects,Contract,Anywhere (100% Remote) Only,Programming
ParableSoft,Sr Software Engineer,Full-Time,USA Only,Programming
X-Team,Front End Team Lead (Vue.js/JavaScript) - E.U. based,Full-Time,Europe Only,Programming
X-Team,ServiceNow Business Analyst,Full-Time,Anywhere (100% Remote) Only,Programming
X-Team,Senior Backend JS Engineer (GMT+8),Full-Time,Anywhere (100% Remote) Only,Programming
RemoteLock,Sr. Full-stack Engineer (Ruby on Rails),Contract,,Programming
Currencycloud,Senior Ruby Engineer - EU,Full-Time,Europe Only,Programming
Provet Cloud,Django System Architect,Full-Time,Europe Only,Programming
Kenetic Trading,Trading Systems Data Engineer,Full-Time,Anywhere (100% Remote) Only,Programming
Send,Full Stack Engineer (AsiaPac timezone) ,Full-Time,,Programming
Tesorio,Senior Backend Engineer - LatAm,Full-Time,Americas Only,Programming
Apolinar,Full-Stack JavaScript Developer,Full-Time,Anywhere (100% Remote) Only,Programming
CORCUS INC,Full Stack Developer,Contract,Anywhere (100% Remote) Only,Programming
"Brivity, Inc.",Senior Software Engineer - Web Apps,Full-Time,North America Only,Programming
CORCUS INC,Front-end Developer Job,Contract,Anywhere (100% Remote) Only,Programming
Apartment Therapy Media,Senior Software Engineer - AdTech,Full-Time,Anywhere (100% Remote) Only,Programming
Skedda,Customer Success Specialist (North America),Full-Time,North America Only,Customer Support
Strategy11 LLC,WordPress Technical Support ,Full-Time,Anywhere (100% Remote) Only,Customer Support
Snappy Kraken,Remote Facebook Advertising Specialist,Full-Time,Anywhere (100% Remote) Only,Customer Support
Automattic,Happiness Engineer,Full-Time,Anywhere (100% Remote) Only,Customer Support
Know Your Team,Customer Support Specialist,Full-Time,Anywhere (100% Remote) Only,Customer Support
Awesome Motive Inc.,WordPress Technical Support,Full-Time,Anywhere (100% Remote) Only,Customer Support
ProxyRack,Technical Customer Support Champion,Full-Time,Anywhere (100% Remote) Only,Customer Support
Inventory Planner,Customer Success Manager (Remote - Americas),Full-Time,Americas Only,Customer Support
Commit Action ,Operations Coordinator/Project Manager @ fast growth productivity industry startup ,Full-Time,Anywhere (100% Remote) Only,Customer Support
CG Cookie,Customer Support Lead,Full-Time,Anywhere (100% Remote) Only,Customer Support
Clerky,Senior Customer Operations & Writing Specialist,Full-Time,Anywhere (100% Remote) Only,Customer Support
Stamped.io Pte Ltd,Customer Support Advocate,Full-Time,Asia Only,Customer Support
Uscreen,Tier 1 Technical Support,Full-Time,Anywhere (100% Remote) Only,Customer Support
Harvest,"Harvest Expert (Full Time, Saturday-Wednesday)",Full-Time,Anywhere (100% Remote) Only,Customer Support
TaxJar,Filing Resolutions Specialist,Full-Time,USA Only,Customer Support
Interview Valet,Podcast Booking Agent,Contract,USA Only,Customer Support
"Our Hometown, Inc",Customer Support Representative ‚Äì REMOTE,Full-Time,USA Only,Customer Support
Chili Piper,Customer Success Engineer,Full-Time,Anywhere (100% Remote) Only,Customer Support
"Logical Engine, Inc",Customer Success Technician,Full-Time,USA Only,Customer Support
NerdPress,WordPress Technical Support & Customer Service Nerd,Full-Time,USA Only,Customer Support
Awesome Motive Inc.,Senior Technical Support,Full-Time,Anywhere (100% Remote) Only,Customer Support
WebDevStudios,Project Manager,Full-Time,Anywhere (100% Remote) Only,Customer Support
WebDevStudios,Project Manager,Full-Time,Anywhere (100% Remote) Only,Customer Support
TaxJar,Support Analyst (Contractor),Full-Time,USA Only,Customer Support
Geckoboard,Customer Success Champion (Pacific Timezone),Full-Time,,Customer Support
Flyp,Customer Support Lead,Full-Time,USA Only,Customer Support
Solid Commerce,Customer Success Manager ,Full-Time,USA Only,Customer Support
Kinsta,"Technical Support Engineer - Sunday-Thursday, 9pm-5am UTC",Full-Time,Asia Only,Customer Support
Arc,"Part-time English Customer Support, Codementor",Contract,Anywhere (100% Remote) Only,Customer Support
BFF Wear,Customer Service Specialist (Great English and Communication skills),Full-Time,Anywhere (100% Remote) Only,Customer Support
Bevy,Customer Success Manager,Full-Time,Americas Only,Customer Support
Kinsta,Technical Support Engineer - Americas,Full-Time,North America Only,Customer Support
Code for America,Client Success Advocate (contract to hire),Contract,USA Only,Customer Support
Intellum.com,SaaS Support Specialist,Full-Time,Americas Only,Customer Support
Keeper Tax,Great Communicator to Demystify US Taxes for Freelancers,Contract,North America Only,Customer Support
Ally Financial,Licensed Financial Service Rep - Series 7 & 63,Full-Time,USA Only,Customer Support
Fritz Horstmann,Online Fitness & Nutrition Coach,Full-Time,Anywhere (100% Remote) Only,Customer Support
SendOwl,Customer support guru,Full-Time,Anywhere (100% Remote) Only,Customer Support
Galton Voysey,Customer Happiness Representative (Work from home),Full-Time,Canada Only,Customer Support
Hopin,Customer Success Manager (AMER),Full-Time,Anywhere (100% Remote) Only,Customer Support
SureSwift Capital,Customer Happiness SEO Specialist,Full-Time,Anywhere (100% Remote) Only,Customer Support
ReCharge Payments,Technical Support Engineer,Full-Time,North America Only,Customer Support
Uscreen,App Setup Specialist,Full-Time,Anywhere (100% Remote) Only,Customer Support
Pilot,Customer Support Specialist ,Full-Time,Anywhere (100% Remote) Only,Customer Support
GemPages Pte.Ltd ,Customer Success Specialist ,Full-Time,Anywhere (100% Remote) Only,Customer Support
ContentFly,Customer Support Specialist,Full-Time,North America Only,Customer Support
Hawking Electrical & Solar,Customer Relationship and Service Manager,Full-Time,Anywhere (100% Remote) Only,Customer Support
Mixmax,Technical Support Specialist (LATAM Timezones),Contract,Americas Only,Customer Support
The Scalable Company,Customer Care Specialist - DigitalMarketer,Full-Time,Anywhere (100% Remote) Only,Customer Support
FlatWorld,Customer Service Manager,Full-Time,USA Only,Customer Support
Callahan Financial Planning Company,Client Service Associate (Remote Available),Full-Time,Anywhere (100% Remote) Only,Customer Support
Pressable,Customer Success Engineer,Full-Time,Anywhere (100% Remote) Only,Customer Support
UpCounsel,Customer Success Manager - Attorneys,Contract,Anywhere (100% Remote) Only,Customer Support
Autoagent Data Solutions LLC,Client Relations Manager ,Full-Time,USA Only,Customer Support
Knack,Customer Support Specialist - Eastern Europe,Contract,Europe Only,Customer Support
Hasura,Support Engineer (Hasura Cloud),Full-Time,,Customer Support
Local Food Group,Guest Experience,Full-Time,USA Only,Customer Support
Conferences i/o,Customer Support Leader,Full-Time,USA Only,Customer Support
DogsThat,Customer Happiness Assistant,Full-Time,Anywhere (100% Remote) Only,Customer Support
Order Desk,Customer Support Specialist,Full-Time,Anywhere (100% Remote) Only,Customer Support
Memberful,Customer Happiness,Full-Time,North America Only,Customer Support
eCommerce Company Holdings,Customer Service Specialist ,Full-Time,Anywhere (100% Remote) Only,Customer Support
Fisico Inc.,Call Center Support Supervisor ‚Äì Lead a Great Team in a Thriving Natural Health Company,Full-Time,Americas Only,Customer Support
Memberful,Customer Success Specialist,Full-Time,North America Only,Customer Support
Shogun,React Support Engineer,Full-Time,Anywhere (100% Remote) Only,Customer Support
Shogun,Technical Support Engineer,Full-Time,Anywhere (100% Remote) Only,Customer Support
Welcome,Technical Consultant,Full-Time,USA Only,Customer Support
Jetti,EU Technical Support Specialist,Full-Time,Anywhere (100% Remote) Only,Customer Support
Teamwork,Technical Services Consultant,Full-Time,Europe Only,Customer Support
Squadle,Customer Success Associate,Full-Time,USA Only,Customer Support
Castos,Customer Support Specialist,Full-Time,Anywhere (100% Remote) Only,Customer Support
GroupGreeting,Customer Service Associate,Full-Time,Anywhere (100% Remote) Only,Customer Support
AMAZIX,Community Management Team Member (Blockchain - Remote),Contract,Anywhere (100% Remote) Only,Customer Support
SearchTides,Outreach Relationship Manager,Contract,Anywhere (100% Remote) Only,Customer Support
Juni Learning,Customer Support Representative | Full Time | Remote,Full-Time,USA Only,Customer Support
Clerky,Content Strategist / Writer,Contract,Anywhere (100% Remote) Only,Copywriting
Awesome Motive ,WordPress Content Writer (Remote),Full-Time,Anywhere (100% Remote) Only,Copywriting
Contra ,Writing Ambassador (Freelance/Independent),Contract,Anywhere (100% Remote) Only,Copywriting
Podia,Creative Content Writer,Full-Time,Anywhere (100% Remote) Only,Copywriting
IGotAnOffer,Lead Content Writer,Full-Time,Anywhere (100% Remote) Only,Copywriting
GemBox,SEO Writer,Full-Time,Anywhere (100% Remote) Only,Copywriting
ChartMogul,Senior Analyst,Full-Time,Anywhere (100% Remote) Only,Copywriting
The HOTH,Freelance Content Writer,Contract,Anywhere (100% Remote) Only,Copywriting
AMAZIX,Blockchain Copywriter (Remote),Full-Time,Anywhere (100% Remote) Only,Copywriting
Lower Street,Podcast Producer,Full-Time,Anywhere (100% Remote) Only,Copywriting
Livingston Research,Freelance Content writer/Copywriter,Contract,Anywhere (100% Remote) Only,Copywriting
PRI,Digital Marketing Copywriter,Full-Time,Anywhere (100% Remote) Only,Copywriting
LitCharts,Freelance Writer - Literature Guides,Contract,Anywhere (100% Remote) Only,Copywriting
The HOTH,Remote Blog Topic Creator,Contract,Anywhere (100% Remote) Only,Copywriting
SimpleTexting,Copywriter,Full-Time,Anywhere (100% Remote) Only,Copywriting
360 Quote LLC,SEO Content Writer,Contract,Anywhere (100% Remote) Only,Copywriting
360 Quote LLC,Technical SEO Lead,Full-Time,Anywhere (100% Remote) Only,Copywriting
ContentFly Inc.,Content Writer,Contract,Anywhere (100% Remote) Only,Copywriting
AmpiFire,Solid Writers Looking For A Steady Reliable Income,Contract,Anywhere (100% Remote) Only,Copywriting
CodeLathe,Digital Content Specialist,Full-Time,Anywhere (100% Remote) Only,Copywriting
Talentopia,Remote Telecommute Technology and Legal Writers,Contract,Anywhere (100% Remote) Only,Copywriting
First Day,Marketing Lead,Full-Time,Anywhere (100% Remote) Only,Copywriting
Biteable,Platform Engineer,Full-Time,Anywhere (100% Remote) Only,DevOps and Sysadmin
Buffer,DevOps Engineer,Full-Time,Anywhere (100% Remote) Only,DevOps and Sysadmin
"Defiant, Inc.",Senior Operations / Security Engineer - AWS Required,Full-Time,USA Only,DevOps and Sysadmin
Credit Glory,Senior Rails Full Stack Developer,Contract,Anywhere (100% Remote) Only,DevOps and Sysadmin
Filestage,Operations Engineer (IT),Full-Time,Anywhere (100% Remote) Only,DevOps and Sysadmin
ForceBrands,Full Stack Developer,Full-Time,USA Only,DevOps and Sysadmin
Bluelight Consulting,Senior DevOps Engineer,Full-Time,Americas Only,DevOps and Sysadmin
QuikNode,Senior DevOps Engineer,Full-Time,Anywhere (100% Remote) Only,DevOps and Sysadmin
Labelbox,DevOps Engineer,Full-Time,North America Only,DevOps and Sysadmin
OpSourced,DevOps Engineer,Full-Time,USA Only,DevOps and Sysadmin
Follow Up Boss,Senior Infrastructure Engineer,Full-Time,USA Only,DevOps and Sysadmin
Files.com,Senior Infrastructure Engineer,Full-Time,USA Only,DevOps and Sysadmin
Feedback Loop,Full-Stack Engineer,Full-Time,USA Only,DevOps and Sysadmin
Feedback Loop,QA Engineer,Full-Time,USA Only,DevOps and Sysadmin
Truly,Backend Software Engineer,Full-Time,Anywhere (100% Remote) Only,DevOps and Sysadmin
Bitovi,SRE and DevOps Consultant,Full-Time,North America Only,DevOps and Sysadmin
ShipHero,Python Developer,Full-Time,Anywhere (100% Remote) Only,DevOps and Sysadmin
bit.io,Site Reliability Engineer,Full-Time,Anywhere (100% Remote) Only,DevOps and Sysadmin
Seeq Corp.,Applied Research Engineer,Full-Time,Anywhere (100% Remote) Only,DevOps and Sysadmin
Surfer,DevOps Engineer,Full-Time,Europe Only,DevOps and Sysadmin
Kinsta,DevOps Engineer with PHP,Full-Time,Anywhere (100% Remote) Only,DevOps and Sysadmin
Incubit inc.,MLOps Engineer,Full-Time,Anywhere (100% Remote) Only,DevOps and Sysadmin
Shogun,Solutions Architect,Full-Time,USA Only,DevOps and Sysadmin
Intellum ,Systems Engineer / Devops,Full-Time,Anywhere (100% Remote) Only,DevOps and Sysadmin
"HOMEE, Inc.",DevOps Engineer,Full-Time,Anywhere (100% Remote) Only,DevOps and Sysadmin
Automattic,"Developer Relations, WordPress",Full-Time,Anywhere (100% Remote) Only,DevOps and Sysadmin
Solar Lead Factory,Backend Developer for Rapidly Growing Solar Company,Full-Time,USA Only,DevOps and Sysadmin
Signifyd,DevOps/Infrastructure Engineer,Full-Time,Anywhere (100% Remote) Only,DevOps and Sysadmin
Bevy,Site Reliability Engineer,Full-Time,Anywhere (100% Remote) Only,DevOps and Sysadmin
Bevy,Cloud Data Engineer,Full-Time,Americas Only,DevOps and Sysadmin
Copysmith AI,Senior React Engineer,Full-Time,North America Only,DevOps and Sysadmin
Filestage,QA Engineer (JS),Full-Time,Anywhere (100% Remote) Only,DevOps and Sysadmin
Fiera Cosmetics,Devops / Sysadmin,Full-Time,,DevOps and Sysadmin
Olo,Senior DevOps Engineer,Full-Time,USA Only,DevOps and Sysadmin
Tutuka,Testing and Deployment Engineer,Full-Time,Anywhere (100% Remote) Only,DevOps and Sysadmin
Doximity,Senior DevOps Engineer,Full-Time,USA Only,DevOps and Sysadmin
SuperRare,Site Reliability Engineer,Full-Time,Anywhere (100% Remote) Only,DevOps and Sysadmin
Hootsuite ,"Senior Software Developer, DevOps",Full-Time,North America Only,DevOps and Sysadmin
Hasura,Senior DevOps / Site Reliability Engineer (SRE) - Hasura Cloud,Full-Time,Anywhere (100% Remote) Only,DevOps and Sysadmin
Doximity,"Senior Software Engineer, Data, Infrastructure",Full-Time,USA Only,DevOps and Sysadmin
Postscript,Senior DevOps Engineer,Full-Time,North America Only,DevOps and Sysadmin
KOMOOT,Senior Security Engineer (DevSecOps),Full-Time,Europe Only,DevOps and Sysadmin
Revolgy,Senior Cloud Operations Engineer,Full-Time,Europe Only,DevOps and Sysadmin
Canonical,Site Reliability Engineer (SRE) - Americas,Full-Time,Americas Only,DevOps and Sysadmin
Process Street,Staff Engineer,Full-Time,Anywhere (100% Remote) Only,DevOps and Sysadmin
UsePixie,Head of Engineering,Full-Time,Europe Only,DevOps and Sysadmin
amazee.io,Senior Platform Engineer (Global/Remote),Full-Time,Anywhere (100% Remote) Only,DevOps and Sysadmin
Documo,InfoSec Specialist,Full-Time,Anywhere (100% Remote) Only,DevOps and Sysadmin
ShipHero,Senior Frontend Developer,Full-Time,Anywhere (100% Remote) Only,DevOps and Sysadmin
Ebury,Team Lead Security Operations,Contract,Europe Only,DevOps and Sysadmin
Canonical,SRE Engineering Manager (Europe/Middle East/Africa),Full-Time,Anywhere (100% Remote) Only,DevOps and Sysadmin
Shogun,Director of Quality Assurance,Full-Time,North America Only,DevOps and Sysadmin
Podomatic,DevOps Engineer,Full-Time,Anywhere (100% Remote) Only,DevOps and Sysadmin
Enbala Power Networks,Development Operations Engineer,Full-Time,Anywhere (100% Remote) Only,DevOps and Sysadmin
Fusion Sport,Cloud Engineer,Full-Time,USA Only,DevOps and Sysadmin
Shogun,Site Reliability Engineer,Full-Time,USA Only,DevOps and Sysadmin
LifeStance Health,Senior DevOps Cloud Engineer ,Full-Time,USA Only,DevOps and Sysadmin
Akido Labs,Sr. DevOps Engineer,Full-Time,North America Only,DevOps and Sysadmin
Power Home Remodeling,Mobile Web Solutions Architect,Full-Time,USA Only,DevOps and Sysadmin
Joyride,Senior Android Engineer,Full-Time,Europe Only,DevOps and Sysadmin
Oddball,Senior DevOps Engineer,Full-Time,USA Only,DevOps and Sysadmin
Breezy HR ,DevOps Engineer,Full-Time,USA Only,DevOps and Sysadmin
SplitBase,Conversion Optimization Manager,Full-Time,Canada Only,Sales and Marketing
Klout Consulting,PPC Account Manager At High-Growth Ecommerce Advertising Company,Contract,Anywhere (100% Remote) Only,Sales and Marketing
Biteable,Account Executive,Full-Time,Anywhere (100% Remote) Only,Sales and Marketing
TaxJar,Account Executive ,Full-Time,USA Only,Sales and Marketing
Biteable,B2B Marketing Manager,Full-Time,Anywhere (100% Remote) Only,Sales and Marketing
Biteable,Product Marketing Manager,Full-Time,Anywhere (100% Remote) Only,Sales and Marketing
Toggl,Marketing Director,Full-Time,Anywhere (100% Remote) Only,Sales and Marketing
Optimal Digital Marketing,Paid Media Specialist (Remote),Full-Time,USA Only,Sales and Marketing
AgentMethods,Inside Sales Representative,Full-Time,Anywhere (100% Remote) Only,Sales and Marketing
DatoCMS,Remote Tech Sales Executive,Full-Time,Anywhere (100% Remote) Only,Sales and Marketing
AppSignal,Blog Content Editor,Full-Time,Europe Only,Sales and Marketing
Roon Labs,Sales Specialist,Full-Time,USA Only,Sales and Marketing
PostHog,Product Marketer,Full-Time,Anywhere (100% Remote) Only,Sales and Marketing
Credit Glory,Inside Sales Representative,Full-Time,North America Only,Sales and Marketing
RentScale,Scale Consultant (Sales Professional) for Sales Process Consulting Firm,Full-Time,USA Only,Sales and Marketing
SOLID Marketing,German - PPC Specialist / Account Manager for Facebook and Google Ads,Contract,Anywhere (100% Remote) Only,Sales and Marketing
ProcurementExpress,Sales Development Representatives (SDR),Full-Time,Anywhere (100% Remote) Only,Sales and Marketing
Snappy Kraken,Remote Account Executive (Sales),Full-Time,USA Only,Sales and Marketing
Snappy Kraken,Remote Sales Development Representative,Full-Time,USA Only,Sales and Marketing
PaulCamper,Business Developer Netherlands ,Full-Time,Europe Only,Sales and Marketing
Awesome Motive Inc.,Live Chat Sales Specialist (Remote),Full-Time,Anywhere (100% Remote) Only,Sales and Marketing
TaxJar,Marketing Operations Specialist,Full-Time,USA Only,Sales and Marketing
Breeze ChMS,Product Marketing Manager,Full-Time,USA Only,Sales and Marketing
CVEDIA,Account Executive - Fully Remote - Full Time,Full-Time,Anywhere (100% Remote) Only,Sales and Marketing
Bitovi,Marketing Director,Full-Time,North America Only,Sales and Marketing
Primer,Director of Paid Media,Full-Time,USA Only,Sales and Marketing
Amitree,Marketing Manager,Full-Time,Anywhere (100% Remote) Only,Sales and Marketing
Files.com,Inside Sales Representative and Enterprise Account Manager,Full-Time,USA Only,Sales and Marketing
YELLOWPOP,Inbound Sales Executive ,Full-Time,Europe Only,Sales and Marketing
RentScale,Director of Coaching - Sales Process Consulting ,Full-Time,USA Only,Sales and Marketing
"Broadcast Microwave Services, LLC.",Inside Sales ,Full-Time,Anywhere (100% Remote) Only,Sales and Marketing
Polly,Product Marketing Manager,Full-Time,Anywhere (100% Remote) Only,Sales and Marketing
Linktree,Paid search specialist,Full-Time,USA Only,Sales and Marketing
TaxJar,Marketing Campaign Manager,Full-Time,USA Only,Sales and Marketing
TaxJar,Partner Marketing Manager,Full-Time,USA Only,Sales and Marketing
TaxJar,Sales Operations Generalist,Full-Time,USA Only,Sales and Marketing
We Outreach,Email Outreach Rep,Full-Time,Anywhere (100% Remote) Only,Sales and Marketing
Animalz,Content Marketing Manager,Full-Time,Anywhere (100% Remote) Only,Sales and Marketing
Upright Labs,Sales Executive,Full-Time,North America Only,Sales and Marketing
Chili Piper,Account Manager (Mid-Market SaaS),Full-Time,Anywhere (100% Remote) Only,Sales and Marketing
TaxJar,Account Manager,Full-Time,USA Only,Sales and Marketing
TaxJar,Salesforce Administrator (Partner Operations),Full-Time,USA Only,Sales and Marketing
Optimal Digital Marketing,Growth Marketer,Full-Time,USA Only,Sales and Marketing
SimpleTiger,Sales Representative,Full-Time,USA Only,Sales and Marketing
Toggl,Product Marketing Manager,Full-Time,Anywhere (100% Remote) Only,Sales and Marketing
TaxJar,Senior Partner Marketing Manager,Full-Time,USA Only,Sales and Marketing
TaxJar,Director of Product Marketing,Full-Time,USA Only,Sales and Marketing
Current Mobile,Mobile User Acquisition Lead,Full-Time,Anywhere (100% Remote) Only,Sales and Marketing
Bookwhen,Head of Marketing (Remote - UK only),Full-Time,Anywhere (100% Remote) Only,Sales and Marketing
Follow Up Boss,Full Stack Marketer,Full-Time,USA Only,Sales and Marketing
Mediaplanet Publishing House Inc. ,Entry-Level Sales/Marketing,Full-Time,USA Only,Sales and Marketing
Current Mobile,Senior Product Marketing Manager,Full-Time,Anywhere (100% Remote) Only,Sales and Marketing
Current Mobile,Senior E-Commerce Marketing Manager,Full-Time,Anywhere (100% Remote) Only,Sales and Marketing
Secret Benefits,SEO Manager / Cupid ‚ù§Ô∏è,Full-Time,Anywhere (100% Remote) Only,Sales and Marketing
Truly,Junior Account Executive,Full-Time,Anywhere (100% Remote) Only,Sales and Marketing
Honestly,Strategy Lead ,Full-Time,USA Only,Sales and Marketing
Biteable,Sales Operations Manager,Full-Time,Anywhere (100% Remote) Only,Sales and Marketing
Toggl,Digital Marketer,Full-Time,Europe Only,Sales and Marketing
ContentFly (YC W21) ,Head of Sales,Full-Time,Anywhere (100% Remote) Only,Sales and Marketing
Filestage,Content Creator (Customer Marketing),Full-Time,Europe Only,Sales and Marketing
Klout Consulting,Facebook Ad Buyer At Ecommerce Growth Marketing Company,Full-Time,Anywhere (100% Remote) Only,Sales and Marketing
Tawkify ,Professional Matchmaker,Contract,USA Only,Sales and Marketing
Code.org,Marketing Associate,Full-Time,North America Only,Sales and Marketing
Code.org,Content Marketing Manager,Full-Time,North America Only,Sales and Marketing
Hubstaff,Sales Development Representative,Full-Time,Anywhere (100% Remote) Only,Sales and Marketing
"TrueData Solutions, Inc.","Sales Lead, Enterprise Data Products (Director/VP)",Full-Time,Anywhere (100% Remote) Only,Sales and Marketing
Hotjar,Social Media Marketing and Community Manager,Full-Time,EMEA Only,Sales and Marketing
Bevy,Solutions Consultant,Full-Time,Americas Only,Sales and Marketing
Bevy,Senior Enterprise Account Executive: West Region,Full-Time,Anywhere (100% Remote) Only,Sales and Marketing
Bevy,Senior Enterprise Account Executive: East Region,Full-Time,Anywhere (100% Remote) Only,Sales and Marketing
Vortala,PPC/Paid Traffic Specialist,Full-Time,USA Only,Sales and Marketing
Hughes Private Capital,Marketing Data Automation Ninja,Full-Time,Anywhere (100% Remote) Only,Sales and Marketing
WorkStep,Product Marketing Manager,Full-Time,Anywhere (100% Remote) Only,Sales and Marketing
Filestage,Business Development Specialist AMERICAS,Full-Time,,Sales and Marketing
Kick Point,PPC Strategist,Full-Time,Canada Only,Sales and Marketing
The Speaker Lab,Sales Development Representative,Contract,Anywhere (100% Remote) Only,Sales and Marketing
Hopin,Account Executive - AMER (East),Full-Time,Anywhere (100% Remote) Only,Sales and Marketing
Janalta Inc.,Ecommerce Marketing Manager,Contract,North America Only,Sales and Marketing
Sellfy,Affiliate Manager,Full-Time,Anywhere (100% Remote) Only,Sales and Marketing
Spring Theory,Client Development Manager,Full-Time,USA Only,Sales and Marketing
vidIQ,Growth Manager,Contract,Europe Only,Sales and Marketing
Dean Street Society,Digital Marketing Manager,Contract,Anywhere (100% Remote) Only,Sales and Marketing
EcchiToons,Chief Production Officer (CPO),Full-Time,Anywhere (100% Remote) Only,Sales and Marketing
Motive Interactive,Sales Representative - Performance Advertising Remote,Full-Time,Anywhere (100% Remote) Only,Sales and Marketing
PIXO Inc.,Visual Content Creator (Images & Video),Full-Time,Anywhere (100% Remote) Only,Sales and Marketing
metadata.io,Senior Content Marketing Manager,Full-Time,Anywhere (100% Remote) Only,Sales and Marketing
RightMetric,Digital Marketing Strategy Researcher,Full-Time,Canada Only,Sales and Marketing
Empire Flippers LLC,Business Analyst,Full-Time,Anywhere (100% Remote) Only,Sales and Marketing
Hubstaff,SEO & SEM Team Lead,Full-Time,Anywhere (100% Remote) Only,Sales and Marketing
Amazowl,Business Development Lead,Full-Time,Anywhere (100% Remote) Only,Sales and Marketing
GovSpend,Sales Development Representative ,Full-Time,Anywhere (100% Remote) Only,Sales and Marketing
Copysmith AI,Content Marketing Specialist,Full-Time,North America Only,Sales and Marketing
EWA,Appointment Setter - UK Based ONLY ,Full-Time,Europe Only,Sales and Marketing
Testimonial Hero,Content Marketing & Community Manager,Full-Time,North America Only,Sales and Marketing
Clustdoc,Sales Development Representative,Full-Time,Anywhere (100% Remote) Only,Sales and Marketing
TRGT Digital,"PPC Campaign Manager (French, German or Italian Speakers)",Full-Time,EMEA Only,Sales and Marketing
"Scholly, Inc.",Affiliate Marketing Manager,Full-Time,USA Only,Sales and Marketing
HedgeHog Health,Business Development Representative,Contract,Anywhere (100% Remote) Only,Sales and Marketing
SORACOM,Growth Marketing Associate [USA - Fully Remote],Full-Time,Anywhere (100% Remote) Only,Sales and Marketing
Uscreen,Outbound SDR (Inside Sales),Full-Time,Anywhere (100% Remote) Only,Sales and Marketing
Lyfa,Marketing and Communications Lead (German speaking),Full-Time,Europe Only,Sales and Marketing
Gabrielle Bernstein Inc.,Marketing Project manager,Full-Time,Anywhere (100% Remote) Only,Sales and Marketing
ReCharge Payments,Business Development Representative,Full-Time,North America Only,Sales and Marketing
InDebted,Sales Development Representative,Full-Time,Anywhere (100% Remote) Only,Sales and Marketing
Krisp,Influencer and Affiliate Marketing Manager,Full-Time,Anywhere (100% Remote) Only,Sales and Marketing
GetResponse,Social Media & Influencer Marketing Manager,Full-Time,USA Only,Sales and Marketing
SuperRare,Community Operations Coordinator,Full-Time,Anywhere (100% Remote) Only,Sales and Marketing
Smile,Content and Community Marketing Manager,Full-Time,Anywhere (100% Remote) Only,Sales and Marketing
Shogun,Senior Sales Operations Analyst,Full-Time,North America Only,Sales and Marketing
SquadCast.fm,Marketing Manager,Full-Time,Anywhere (100% Remote) Only,Sales and Marketing
amazee.io,Enterprise Sales Manager (Global/Remote),Full-Time,Anywhere (100% Remote) Only,Sales and Marketing
"Honestly, LLC",Engagement Lead,Full-Time,USA Only,Sales and Marketing
Oscer,Sales Account Manager,Full-Time,Anywhere (100% Remote) Only,Sales and Marketing
EAK,Remote Head of Marketing - Ecommerce ,Full-Time,Anywhere (100% Remote) Only,Sales and Marketing
Solar Lead Factory ,Sales Representative,Full-Time,,Sales and Marketing
OPPGEN,Sales Development Rep.,Contract,Anywhere (100% Remote) Only,Sales and Marketing
Paragon Fitwear,Director of Marketing,Full-Time,Anywhere (100% Remote) Only,Sales and Marketing
Filestage,SMB Account Specialist North America,Full-Time,Americas Only,Sales and Marketing
Arc,Sales Development Representative,Full-Time,Americas Only,Sales and Marketing
Tokyo Academics,Client Solutions Specialist (In-Person or Remote),Full-Time,Anywhere (100% Remote) Only,Sales and Marketing
TRGT Digital,Paid Social/Paid Search Campaign Manager,Full-Time,Anywhere (100% Remote) Only,Sales and Marketing
Ecologi,Full Cycle Sales Representative - battling climate change,Full-Time,Europe Only,Sales and Marketing
Credit Repair Cloud,Social Media Manager,Full-Time,Anywhere (100% Remote) Only,Sales and Marketing
Thrive Academy,Director of Marketing,Full-Time,Anywhere (100% Remote) Only,Sales and Marketing
Kinsta,Account Executive - APAC,Full-Time,Asia Only,Sales and Marketing
district0x,Marketing Lead,Full-Time,Anywhere (100% Remote) Only,Sales and Marketing
Hirsh Marketing,Facebook Ads Manager and Funnel Strategist,Full-Time,Anywhere (100% Remote) Only,Sales and Marketing
Venture 4th Media,Video Marketing Strategist & Manager,Contract,Anywhere (100% Remote) Only,Sales and Marketing
Ascenial,PPC Manager - Paid Social & Paid Search Media Buyer [eCommerce Advertising Agency],Full-Time,Anywhere (100% Remote) Only,Sales and Marketing
Sweat Pants Agency,Media Buyer,Full-Time,Anywhere (100% Remote) Only,Sales and Marketing
Matthew Hussey / Get the Guy,Assistant Community Manager,Contract,Anywhere (100% Remote) Only,Sales and Marketing
Shogun,Content Marketer,Full-Time,North America Only,Sales and Marketing
Edmit,Senior Marketing Manager,Full-Time,Anywhere (100% Remote) Only,Sales and Marketing
Reaktiv,Business Development Manager,Full-Time,USA Only,Sales and Marketing
Platform.sh,"VP, Channel Sales",Full-Time,North America Only,Sales and Marketing
Platform.sh,"Director, Global Alliances - Elite Accounts",Full-Time,USA Only,Sales and Marketing
Image Relay,Content Marketing Manager,Full-Time,USA Only,Sales and Marketing
Achieve Test Prep,"Digital Marketing Specialist (PPC, SEM, and Social Media)",Full-Time,Anywhere (100% Remote) Only,Sales and Marketing
Growth Rocket Apps,ASO & App Marketing Expert,Contract,Anywhere (100% Remote) Only,Sales and Marketing
Catch Co,Events Manager,Full-Time,Anywhere (100% Remote) Only,Sales and Marketing
DemystData,Technical Writer & Demand Generation Manager,Full-Time,Anywhere (100% Remote) Only,Sales and Marketing
Tortuga Ventures,Growth Marketing Manager ,Full-Time,Anywhere (100% Remote) Only,Sales and Marketing
Growth Rocket Apps,Growth Hacker / Performance Marketer,Contract,Anywhere (100% Remote) Only,Sales and Marketing
Teamwork,SEO Manager,Full-Time,Europe Only,Sales and Marketing
ScheduleBot,Sales Executive (Part-time Remote),Contract,USA Only,Sales and Marketing
Oxford Lock - Executive Search & Rescue,EXECUTIVE SEARCH CONSULTANT REQUIRED FOR HEADHUNTING FIRM ,Contract,Anywhere (100% Remote) Only,Sales and Marketing
ChartMogul,Account Executive (Toronto),Full-Time,Anywhere (100% Remote) Only,Sales and Marketing
Filestage,Business Development Representative AMERICAS,Full-Time,,Sales and Marketing
SellersFunding,Social Media Manager,Full-Time,USA Only,Sales and Marketing
PR Volt,Public Relations Manager,Contract,Anywhere (100% Remote) Only,Sales and Marketing
 Obility,Customer Success Manager,Full-Time,USA Only,Sales and Marketing
SEO Sherpa,PPC Manager,Full-Time,Anywhere (100% Remote) Only,Sales and Marketing
Tribe Technologies Inc.,Sales Account Executive,Full-Time,Anywhere (100% Remote) Only,Sales and Marketing
Demio,Content Marketing Manager (with a top remote-first company),Full-Time,Anywhere (100% Remote) Only,Sales and Marketing
Shogun,"Director, Product Marketing",Full-Time,North America Only,Sales and Marketing
Shogun,"Channel Partner Manager, Lead",Full-Time,USA Only,Sales and Marketing
Lifetimely,Ecommerce Retention Specialist,Full-Time,Anywhere (100% Remote) Only,Sales and Marketing
Uscreen,Outreach Specialist,Full-Time,Anywhere (100% Remote) Only,Sales and Marketing
SimpleTexting,Head of Marketing,Full-Time,Anywhere (100% Remote) Only,Sales and Marketing
Growth Tools,Director of Marketing,Full-Time,Anywhere (100% Remote) Only,Sales and Marketing
Swappa,Digital Marketing Manager,Full-Time,North America Only,Sales and Marketing
Filestage,Inbound Sales Manager DACH / Germany,Full-Time,Europe Only,Sales and Marketing
Filestage,Inbound Sales Manager EMEA,Full-Time,Europe Only,Sales and Marketing
Filestage,Inbound Sales Manager AMER,Full-Time,North America Only,Sales and Marketing
Current Mobile,Marketing & Product Coordinator,Full-Time,Anywhere (100% Remote) Only,Sales and Marketing
Uscreen,Fulltime Marketing Writer,Full-Time,Anywhere (100% Remote) Only,Sales and Marketing
Recruiter Mill,Business Manager At A Revolutionary Recruitment Firm,Full-Time,Anywhere (100% Remote) Only,Management and Finance
Toggl,People Ops Lead,Full-Time,Europe Only,Management and Finance
Files.com,Controller,Full-Time,USA Only,Management and Finance
eScale Agency,Digital Project Manager,Full-Time,USA Only,Management and Finance
Resource Guru,"Talent Acquisition/People Operations (¬£50K, Bonuses, Work Remotely, Share Options)",Full-Time,EMEA Only,Management and Finance
SCG,Account Executive Recession Proof Sell Money Very Large Income,Contract,Anywhere (100% Remote) Only,Management and Finance
Toggl Track,Email Marketing Manager,Full-Time,Anywhere (100% Remote) Only,Management and Finance
Hotjar,Senior Business Analytics Manager,Full-Time,EMEA Only,Management and Finance
Mammoth Growth,Senior Consultant Growth Strategy,Contract,North America Only,Management and Finance
TaxJar,Partner Manager,Full-Time,USA Only,Management and Finance
Current Mobile,Business Intelligence Manager,Full-Time,Anywhere (100% Remote) Only,Management and Finance
Current Mobile,Senior Investor & Community Communications Manager,Full-Time,Anywhere (100% Remote) Only,Management and Finance
Toggl,BI Analyst,Full-Time,Anywhere (100% Remote) Only,Management and Finance
Yac,Head of Growth,Full-Time,North America Only,Management and Finance
Chapman and Cutler LLP,Software Engineer ,Full-Time,USA Only,Management and Finance
Hometime,Pricing Analyst,Full-Time,Anywhere (100% Remote) Only,Management and Finance
SureSwift Capital,Digital Media Manager ,Full-Time,Anywhere (100% Remote) Only,Management and Finance
PRI,Technical Proposal Manager,Full-Time,Anywhere (100% Remote) Only,Management and Finance
Catching Clouds,Ecommerce Controller - Parker Colorado 2021,Full-Time,Anywhere (100% Remote) Only,Management and Finance
Advisorist,Tech Savvy Operations Lead,Full-Time,Anywhere (100% Remote) Only,Management and Finance
PIVOFY,Ecommerce Project Manager ,Full-Time,North America Only,Management and Finance
Metadata Inc,B2B Digital Marketing Manager,Full-Time,Anywhere (100% Remote) Only,Management and Finance
Selfkey,Financial Analyst,Full-Time,Anywhere (100% Remote) Only,Management and Finance
Sparkle CMS,Project Manager,Contract,North America Only,Management and Finance
FingerprintJS,Technical Account Manager,Full-Time,USA Only,Management and Finance
Automattic,HR Wrangler,Full-Time,Anywhere (100% Remote) Only,Management and Finance
Constructive,Digital Project Manager (NY/Remote),Full-Time,Anywhere (100% Remote) Only,Management and Finance
Dr. Shannon Irvine,Director of Operations ,Full-Time,USA Only,Management and Finance
Brand Conqueror,Head of Amazon Operations Wanted for Amazon Brand Management Company ,Full-Time,Anywhere (100% Remote) Only,Management and Finance
ON,HR Manager,Full-Time,Europe Only,Management and Finance
ON,Studio Manager,Full-Time,Europe Only,Management and Finance
LYFE Marketing,Inbound Sales Representative,Full-Time,USA Only,Management and Finance
aThemes,Operations Manager,Contract,Anywhere (100% Remote) Only,Management and Finance
Nathan James,General Accountant,Full-Time,Anywhere (100% Remote) Only,Management and Finance
Fold,Finance and Operations Manager,Full-Time,Anywhere (100% Remote) Only,Management and Finance
BBE Marketing Inc,Partnership Manager,Full-Time,Anywhere (100% Remote) Only,Management and Finance
ManyPixels,Operations Manager,Full-Time,Anywhere (100% Remote) Only,Management and Finance
Tooth and Coin,Accounting / Bookkeeping Manager,Full-Time,Anywhere (100% Remote) Only,Management and Finance
Nathan James,Executive Assistant,Full-Time,Anywhere (100% Remote) Only,Management and Finance
Amazowl,Amazon Account Manager (Ecommerce Agency),Contract,Anywhere (100% Remote) Only,Management and Finance
Topflight Apps,Director of Operations,Full-Time,Anywhere (100% Remote) Only,Management and Finance
Athena,"General Manager, Client Operations",Full-Time,Anywhere (100% Remote) Only,Management and Finance
Chromatic,Digital Project Manager (U.S. Based),Full-Time,Anywhere (100% Remote) Only,Management and Finance
Americans for Financial Reform Education Fund (AFREF),Managing Director of Policy,Full-Time,USA Only,Management and Finance
Last Call Media,Operations Coordinator,Full-Time,Anywhere (100% Remote) Only,Management and Finance
MoveOn.org,Chief of People,Full-Time,USA Only,Management and Finance
Automattic,Senior Product Data Analyst - Mobile,Full-Time,Anywhere (100% Remote) Only,Product
Bonsai,Growth Product Manager,Full-Time,Anywhere (100% Remote) Only,Product
Yet Another Mail Merge,Product Owner/Manager - Remote (EU),Full-Time,Europe Only,Product
Toggl,Product Manager,Full-Time,Anywhere (100% Remote) Only,Product
Volders,Senior Product Manager,Full-Time,Europe Only,Product
Quartzy,Lead Product Manager (B2B/SaaS),Full-Time,Anywhere (100% Remote) Only,Product
Follow Up Boss,Product Manager,Full-Time,USA Only,Product
Conceptboard,Junior Product Manager,Full-Time,Anywhere (100% Remote) Only,Product
"Array.io, New York",Product Engineer,Full-Time,North America Only,Product
Bitovi,Agile Project Manager and Consultant,Full-Time,North America Only,Product
Current Mobile,"Product Manager, Customer Success",Full-Time,Anywhere (100% Remote) Only,Product
Contra ,Product Ambassador (Freelance/Independent),Contract,Anywhere (100% Remote) Only,Product
Contra ,Project Manager ,Full-Time,Anywhere (100% Remote) Only,Product
Zinc Technologies,Product Owner - JoeLister,Full-Time,USA Only,Product
MercuryWorks,Product Management Consultant,Full-Time,Anywhere (100% Remote) Only,Product
Aha!,Customer Success Specialist (Product manager or business analyst experience required),Full-Time,USA Only,Product
Salesmsg,Product Marketing Manager (SaaS),Full-Time,Anywhere (100% Remote) Only,Product
Cro Metrics,Optimization Program Manager,Full-Time,USA Only,Product
Gorgias,Product Marketing Manager,Full-Time,,Product
ChartMogul,Product Manager - Integrations,Full-Time,Asia Only,Product
Credit Glory,Product Owner,Full-Time,Anywhere (100% Remote) Only,Product
Companies House,Product Manager (B2B data product),Full-Time,Anywhere (100% Remote) Only,Product
TaxJar,Technical Product Manager,Full-Time,USA Only,Product
Toptal,"Technical Product Manager ‚Äì Remote, Full-time",Contract,Anywhere (100% Remote) Only,Product
Iterative,Developer Advocate,Full-Time,Anywhere (100% Remote) Only,Product
Mango Voice,Senior Product Manager,Full-Time,North America Only,Product
Clevertech ,Project Coordinator,Full-Time,North America Only,Product
Cro Metrics,Senior Growth Strategist,Full-Time,USA Only,Product
TestDome,Data Analyst,Full-Time,Anywhere (100% Remote) Only,Product
Headway,Senior Product Designer,Full-Time,Anywhere (100% Remote) Only,Product
Keyword.com,SaaS Product Manager -- be the CEO of the product,Contract,Anywhere (100% Remote) Only,Product
DL Remote,Senior Technical Product Manager,Full-Time,Anywhere (100% Remote) Only,Product
Bevy,Product Manager,Full-Time,Anywhere (100% Remote) Only,Product
Mediavine,Product Manager - Trellis,Full-Time,USA Only,Product
Oddball,Delivery Manager,Full-Time,USA Only,Product
AvenueHQ,Delivery Manager,Full-Time,North America Only,Product
IO Global,Product Owner ,Full-Time,Anywhere (100% Remote) Only,Product
Elly,Product Manager,Contract,North America Only,Product
SuperRare,Product Manager,Full-Time,USA Only,Product
PRI,Senior Technical Project Manager,Full-Time,Anywhere (100% Remote) Only,Product
Kyero.com,Product Owner,Full-Time,Anywhere (100% Remote) Only,Product
ReHaus Furniture Ltd,Junior Data Scientist,Full-Time,Anywhere (100% Remote) Only,Product
Mammoth Growth,Growth Marketer & Data Analyst,Full-Time,North America Only,Product
Smile.io ,Senior Product Manager ,Full-Time,Anywhere (100% Remote) Only,Product
TEAM Software,Product Designer,Full-Time,USA Only,Product
Healthify,Senior Product Manager,Full-Time,USA Only,Product
TEAM Software,Product Designer,Full-Time,USA Only,Product
ReCharge Payments,"Technical Product Manager, API",Full-Time,USA Only,Product
Bridebook,Technical Project Manager,Full-Time,Europe Only,Product
Embark.live,Product Manager (UX Background),Contract,USA Only,Product
ChainAPI,Business Analyst,Full-Time,Anywhere (100% Remote) Only,Product
Good People Digital,Technology Project manager,Full-Time,USA Only,Product
Mango Voice,Senior Product Manager,Full-Time,North America Only,Product
Smile.io,Full Stack Developer ,Full-Time,Anywhere (100% Remote) Only,Product
Shogun,Director of Tech Partnerships,Full-Time,North America Only,Product
KOMOOT,Senior Software Quality Assurance,Full-Time,Europe Only,Product
Automattic,"Product Operations Manager, WooCommerce",Full-Time,Anywhere (100% Remote) Only,Product
CodeLathe,Quality Assurance Engineer,Full-Time,,Product
Leadfeeder,Product Manager ,Full-Time,Anywhere (100% Remote) Only,Product
Nathan James,Furniture Engineer,Full-Time,Anywhere (100% Remote) Only,Product
Hometime,Senior Product Manager (APAC candidates only),Full-Time,Anywhere (100% Remote) Only,Product
Primer.ai,Senior Data Scientist,Full-Time,Anywhere (100% Remote) Only,Product
Current Mobile,Associate Product Manager,Full-Time,Anywhere (100% Remote) Only,Product
Axios,Technical Product Manager,Full-Time,Anywhere (100% Remote) Only,Product
East Coast Catalyst,Senior Project Manager,Full-Time,USA Only,Product
Shogun,Senior Product Manager - DevX,Full-Time,North America Only,Product
Grayce,Product Manager,Full-Time,USA Only,Product
Silverfin,Technical Product Manager,Full-Time,,Product
Catch Co,Conversion Rate Optimization Associate,Full-Time,USA Only,Product
We Make Websites,Product Owner (Shopify Agency) - UK,Full-Time,Europe Only,Product
